-- phpMyAdmin SQL Dump
-- version 5.0.2
-- https://www.phpmyadmin.net/
--
-- Host: 127.0.0.1
-- Generation Time: Oct 28, 2021 at 10:01 AM
-- Server version: 10.4.11-MariaDB
-- PHP Version: 7.4.6

SET SQL_MODE = "NO_AUTO_VALUE_ON_ZERO";
START TRANSACTION;
SET time_zone = "+00:00";


/*!40101 SET @OLD_CHARACTER_SET_CLIENT=@@CHARACTER_SET_CLIENT */;
/*!40101 SET @OLD_CHARACTER_SET_RESULTS=@@CHARACTER_SET_RESULTS */;
/*!40101 SET @OLD_COLLATION_CONNECTION=@@COLLATION_CONNECTION */;
/*!40101 SET NAMES utf8mb4 */;

--
-- Database: `text_preprocess`
--

-- --------------------------------------------------------

--
-- Table structure for table `dokumen`
--

CREATE TABLE `dokumen` (
  `id` int(11) NOT NULL,
  `dokumen` varchar(300) NOT NULL
) ENGINE=InnoDB DEFAULT CHARSET=utf8mb4;

--
-- Dumping data for table `dokumen`
--

INSERT INTO `dokumen` (`id`, `dokumen`) VALUES
(1, '11 Manfaat Kesehatan yang Bisa Kamu Peroleh dari Konsumsi Kismis.txt'),
(2, '15 Manfaat Air Putih yang Krusial untuk Kesehatan.txt'),
(3, '5 Langkah Pemerintah Hadapi Potensi Gelombang Ketiga Covid.txt'),
(4, '6 Waktu Penting untuk Mengonsumsi Air Putih Agar Tubuh Tetap Sehat dan Bugar.txt'),
(5, 'Alasan Citilink Putuskan Mendarat Darurat Usai Penutup Pintu Darurat Dilepas.txt'),
(6, 'Angkatan Kelima Bukan Ide Bung Karno.txt'),
(7, 'Australia akan Beli 300.000 Pil Obat Covid-19 Buatan Merck.txt'),
(8, 'Australia Secara Bertahap Mulai Hidup Berdampingan dengan Covid-19.txt'),
(9, 'Baim Wong Akhirnya Bertemu & Minta Maaf ke Kakek Suhud, Ini Potretnya.txt'),
(10, 'Bak Tersambar Petir, Teuku Ryan Ngaku Melamar Ria Ricis Cuma Buat Pansos.txt'),
(11, 'Beri Sanksi yang Membuat Merah Putih Tak Bisa Berkibar di Piala Thomas, Apa Itu WADA.txt'),
(12, 'Bocah Empat Tahun di Australia Hilang di Kawasan Perkemahan.txt'),
(13, 'Cerita Eks Petinggi KPK Berniat Terjun ke Politik dan Wacana Mendirikan Parpol.txt'),
(14, 'Dikabarkan Diculik, Warga Lebak Hilang Jelang Akad Nikah Ternyata Kabur dari Rumah.txt'),
(15, 'Eks Pegawai KPK Jajal Nasib di Politik.txt'),
(16, 'Epidemiolog Penurunan Kasus Aktif Bukti Vaksin Efektif dan Aman.txt'),
(17, 'Hebat, Deretan 3 Anak Hercules Kuliah di Luar Negeri Semua Bikin Gus Miftah Kagum.txt'),
(18, 'Inovasi saat Pandemi, Citilink Punya Program Linkmiles dan Beri Diskon Pembelian Seat.txt'),
(19, 'Jelajah Indonesia Bareng Traveloka dan Citilink, Diskon Tiket Pesawat 20 Persen.txt'),
(20, 'Jenderal Yani Menolak Angkatan Kelima.txt'),
(21, 'Kampung Lali Gadget, Cara Kreatif Agar Anak Tinggalkan Gawai.txt'),
(22, 'Kasus Covid-19 Bermunculan Lagi, Dokter RSCM Minta Waspadai Gelombang Ketiga.txt'),
(23, 'Ketika Indonesia Juara Piala Thomas 2020 Tanpa Bendera Merah Putih.txt'),
(24, 'Layangan Janggan, Naga Sakral Dewa Layangan Bali.txt'),
(25, 'Malaikat Datang.txt'),
(26, 'Manopeng, Tari Banjar Mistis Memanggil Roh Halus.txt'),
(27, 'Mbah Brambang, Sosok Pelestari Wayang Kertas yang Melawan Usia.txt'),
(28, 'Melihat Seluk Beluk Rumah Adat Aceh, Unik Dibangun Tanpa Paku.txt'),
(29, 'Mendarat Perdana di Bandara Purbalingga, Citilink Siap Beroperasi Komersil 22 April.txt'),
(30, 'Mengenal Suku Anak Dalam, Orang Rimba Primitif di Sumatra.txt'),
(31, 'Menilik Seni Ukir Bangku Berbentuk Tangan Khas Desa Petulu Bali.txt'),
(32, 'Penerapan Ganjil Genap Diklaim Efektif Menekan Mobilitas Kendaraan di Puncak.txt'),
(33, 'Penerbangan Internasional ke Bali Masih Sepi.txt'),
(34, 'Percaya Strategi Penyelamatan Kapolri.txt'),
(35, 'Potret Rumah Mewah Terbengkalai Bekas Pembunuhan Satu Keluarga, Barangnya Masih Utuh.txt'),
(36, 'Rela Berdesakan di Jalan Tiap Akhir Pekan.txt'),
(37, 'Sejarah Mengajarkan Tidak Mudah Mengatakan Pandemi Sudah Berakhir.txt'),
(38, 'Simak Aturan Terbaru Penerbangan Internasional.txt'),
(39, 'Sumur Unik Berisi Aspal di Pasuruan, Bekas Peninggalan Zaman Belanda.txt'),
(40, 'Wapres Tutup PON XX Sejarah Mencatat, PON Pertama di Papua Sukses.txt');

-- --------------------------------------------------------

--
-- Table structure for table `indexing`
--

CREATE TABLE `indexing` (
  `id` int(11) NOT NULL,
  `kata_id` int(11) NOT NULL,
  `dokumen_id` int(11) NOT NULL,
  `t_frequency` int(20) NOT NULL
) ENGINE=InnoDB DEFAULT CHARSET=utf8mb4;

--
-- Dumping data for table `indexing`
--

INSERT INTO `indexing` (`id`, `kata_id`, `dokumen_id`, `t_frequency`) VALUES
(1, 1, 1, 8),
(2, 2, 1, 14),
(3, 3, 1, 5),
(4, 4, 1, 18),
(5, 5, 1, 34),
(6, 6, 1, 1),
(7, 7, 1, 1),
(8, 8, 1, 1),
(9, 9, 1, 1),
(10, 10, 1, 1),
(11, 11, 1, 1),
(12, 12, 1, 1),
(13, 13, 1, 1),
(14, 14, 1, 1),
(15, 15, 1, 1),
(16, 16, 1, 1),
(17, 17, 1, 2),
(18, 18, 1, 1),
(19, 19, 1, 1),
(20, 20, 1, 6),
(21, 21, 1, 7),
(22, 22, 1, 1),
(23, 23, 1, 1),
(24, 24, 1, 1),
(25, 25, 1, 1),
(26, 26, 1, 2),
(27, 27, 1, 1),
(28, 28, 1, 2),
(29, 29, 1, 2),
(30, 30, 1, 1),
(31, 31, 1, 1),
(32, 32, 1, 4),
(33, 33, 1, 1),
(34, 34, 1, 4),
(35, 35, 1, 1),
(36, 36, 1, 1),
(37, 37, 1, 2),
(38, 38, 1, 4),
(39, 39, 1, 3),
(40, 40, 1, 3),
(41, 41, 1, 2),
(42, 42, 1, 2),
(43, 43, 1, 1),
(44, 44, 1, 3),
(45, 45, 1, 14),
(46, 46, 1, 3),
(47, 47, 1, 1),
(48, 48, 1, 1),
(49, 49, 1, 1),
(50, 50, 1, 5),
(51, 51, 1, 1),
(52, 52, 1, 2),
(53, 53, 1, 1),
(54, 54, 1, 1),
(55, 55, 1, 6),
(56, 56, 1, 4),
(57, 57, 1, 1),
(58, 58, 1, 2),
(59, 59, 1, 1),
(60, 60, 1, 3),
(61, 61, 1, 9),
(62, 62, 1, 1),
(63, 63, 1, 1),
(64, 64, 1, 1),
(65, 65, 1, 1),
(66, 66, 1, 1),
(67, 67, 1, 1),
(68, 68, 1, 1),
(69, 69, 1, 13),
(70, 70, 1, 3),
(71, 71, 1, 4),
(72, 72, 1, 4),
(73, 73, 1, 2),
(74, 74, 1, 1),
(75, 75, 1, 1),
(76, 76, 1, 1),
(77, 77, 1, 10),
(78, 78, 1, 2),
(79, 79, 1, 6),
(80, 80, 1, 3),
(81, 81, 1, 2),
(82, 82, 1, 1),
(83, 83, 1, 3),
(84, 84, 1, 2),
(85, 85, 1, 1),
(86, 86, 1, 2),
(87, 87, 1, 1),
(88, 88, 1, 1),
(89, 89, 1, 3),
(90, 90, 1, 2),
(91, 91, 1, 1),
(92, 92, 1, 3),
(93, 93, 1, 1),
(94, 94, 1, 1),
(95, 95, 1, 1),
(96, 96, 1, 1),
(97, 97, 1, 2),
(98, 98, 1, 2),
(99, 99, 1, 4),
(100, 100, 1, 1),
(101, 101, 1, 1),
(102, 102, 1, 1),
(103, 103, 1, 2),
(104, 104, 1, 2),
(105, 105, 1, 3),
(106, 106, 1, 1),
(107, 107, 1, 1),
(108, 108, 1, 1),
(109, 109, 1, 3),
(110, 110, 1, 2),
(111, 111, 1, 3),
(112, 112, 1, 1),
(113, 113, 1, 1),
(114, 114, 1, 3),
(115, 115, 1, 1),
(116, 116, 1, 1),
(117, 117, 1, 1),
(118, 118, 1, 1),
(119, 119, 1, 1),
(120, 120, 1, 1),
(121, 121, 1, 1),
(122, 122, 1, 1),
(123, 123, 1, 6),
(124, 124, 1, 1),
(125, 125, 1, 3),
(126, 126, 1, 1),
(127, 127, 1, 1),
(128, 128, 1, 1),
(129, 129, 1, 1),
(130, 130, 1, 1),
(131, 131, 1, 2),
(132, 132, 1, 2),
(133, 133, 1, 1),
(134, 134, 1, 1),
(135, 135, 1, 1),
(136, 136, 1, 1),
(137, 137, 1, 1),
(138, 138, 1, 1),
(139, 139, 1, 1),
(140, 140, 1, 1),
(141, 1, 2, 11),
(142, 56, 2, 41),
(143, 141, 2, 17),
(144, 142, 2, 3),
(145, 2, 2, 10),
(146, 4, 2, 7),
(147, 143, 2, 3),
(148, 6, 2, 1),
(149, 144, 2, 1),
(150, 8, 2, 1),
(151, 145, 2, 1),
(152, 146, 2, 1),
(153, 16, 2, 3),
(154, 38, 2, 5),
(155, 147, 2, 5),
(156, 79, 2, 21),
(157, 148, 2, 1),
(158, 149, 2, 1),
(159, 150, 2, 2),
(160, 69, 2, 7),
(161, 151, 2, 2),
(162, 152, 2, 1),
(163, 77, 2, 8),
(164, 107, 2, 3),
(165, 153, 2, 2),
(166, 154, 2, 4),
(167, 155, 2, 4),
(168, 156, 2, 2),
(169, 157, 2, 3),
(170, 158, 2, 1),
(171, 159, 2, 10),
(172, 104, 2, 4),
(173, 102, 2, 1),
(174, 160, 2, 5),
(175, 110, 2, 1),
(176, 161, 2, 1),
(177, 162, 2, 1),
(178, 163, 2, 1),
(179, 164, 2, 3),
(180, 165, 2, 4),
(181, 166, 2, 1),
(182, 167, 2, 6),
(183, 168, 2, 2),
(184, 21, 2, 3),
(185, 169, 2, 1),
(186, 170, 2, 2),
(187, 171, 2, 2),
(188, 172, 2, 5),
(189, 173, 2, 3),
(190, 89, 2, 5),
(191, 174, 2, 1),
(192, 175, 2, 1),
(193, 176, 2, 1),
(194, 177, 2, 2),
(195, 178, 2, 1),
(196, 47, 2, 1),
(197, 179, 2, 1),
(198, 180, 2, 1),
(199, 181, 2, 1),
(200, 182, 2, 2),
(201, 183, 2, 5),
(202, 184, 2, 1),
(203, 92, 2, 3),
(204, 185, 2, 1),
(205, 186, 2, 1),
(206, 45, 2, 2),
(207, 187, 2, 8),
(208, 188, 2, 1),
(209, 189, 2, 7),
(210, 190, 2, 1),
(211, 191, 2, 1),
(212, 192, 2, 1),
(213, 76, 2, 5),
(214, 193, 2, 1),
(215, 22, 2, 1),
(216, 194, 2, 2),
(217, 195, 2, 1),
(218, 50, 2, 4),
(219, 20, 2, 5),
(220, 114, 2, 2),
(221, 196, 2, 1),
(222, 197, 2, 1),
(223, 198, 2, 1),
(224, 61, 2, 6),
(225, 199, 2, 1),
(226, 200, 2, 3),
(227, 115, 2, 1),
(228, 31, 2, 2),
(229, 201, 2, 1),
(230, 202, 2, 3),
(231, 44, 2, 1),
(232, 99, 2, 6),
(233, 203, 2, 1),
(234, 204, 2, 2),
(235, 123, 2, 6),
(236, 205, 2, 1),
(237, 206, 2, 1),
(238, 207, 2, 1),
(239, 208, 2, 1),
(240, 209, 2, 1),
(241, 210, 2, 1),
(242, 211, 2, 1),
(243, 212, 2, 3),
(244, 213, 2, 1),
(245, 214, 2, 1),
(246, 215, 2, 1),
(247, 216, 2, 1),
(248, 217, 2, 1),
(249, 218, 2, 1),
(250, 219, 2, 1),
(251, 220, 2, 1),
(252, 221, 2, 1),
(253, 222, 2, 1),
(254, 223, 2, 1),
(255, 224, 2, 1),
(256, 63, 2, 3),
(257, 225, 2, 1),
(258, 98, 2, 4),
(259, 226, 2, 4),
(260, 227, 2, 1),
(261, 228, 2, 1),
(262, 229, 2, 2),
(263, 230, 2, 1),
(264, 231, 2, 1),
(265, 232, 2, 1),
(266, 233, 2, 1),
(267, 234, 2, 1),
(268, 235, 2, 3),
(269, 236, 2, 2),
(270, 237, 2, 1),
(271, 238, 2, 1),
(272, 239, 2, 2),
(273, 240, 2, 1),
(274, 241, 2, 1),
(275, 94, 2, 1),
(276, 242, 2, 1),
(277, 243, 2, 2),
(278, 96, 2, 1),
(279, 244, 2, 1),
(280, 67, 2, 1),
(281, 32, 2, 1),
(282, 245, 2, 1),
(283, 124, 2, 1),
(284, 246, 2, 1),
(285, 247, 2, 1),
(286, 248, 2, 1),
(287, 108, 2, 1),
(288, 249, 2, 1),
(289, 250, 2, 1),
(290, 74, 2, 3),
(291, 251, 2, 1),
(292, 252, 2, 2),
(293, 253, 2, 2),
(294, 60, 2, 2),
(295, 254, 2, 1),
(296, 255, 2, 1),
(297, 256, 2, 1),
(298, 257, 2, 1),
(299, 258, 2, 1),
(300, 259, 2, 2),
(301, 260, 2, 1),
(302, 80, 2, 1),
(303, 82, 2, 1),
(304, 81, 2, 1),
(305, 261, 2, 1),
(306, 262, 2, 1),
(307, 263, 2, 1),
(308, 264, 2, 3),
(309, 265, 2, 1),
(310, 266, 2, 1),
(311, 267, 2, 2),
(312, 268, 2, 3),
(313, 71, 2, 3),
(314, 269, 2, 1),
(315, 270, 2, 1),
(316, 271, 2, 1),
(317, 272, 2, 1),
(318, 70, 2, 2),
(319, 72, 2, 2),
(320, 273, 2, 1),
(321, 274, 2, 1),
(322, 275, 2, 1),
(323, 276, 2, 1),
(324, 277, 2, 1),
(325, 278, 2, 1),
(326, 279, 2, 1),
(327, 280, 2, 1),
(328, 281, 2, 1),
(329, 282, 2, 1),
(330, 283, 2, 3),
(331, 284, 2, 1),
(332, 24, 2, 2),
(333, 285, 2, 1),
(334, 286, 2, 1),
(335, 287, 2, 1),
(336, 288, 2, 1),
(337, 289, 2, 1),
(338, 290, 2, 1),
(339, 291, 2, 1),
(340, 292, 2, 1),
(341, 293, 2, 3),
(342, 294, 2, 2),
(343, 295, 2, 4),
(344, 296, 2, 3),
(345, 297, 2, 4),
(346, 298, 2, 1),
(347, 299, 2, 1),
(348, 28, 2, 2),
(349, 300, 2, 1),
(350, 33, 2, 1),
(351, 301, 2, 1),
(352, 302, 2, 1),
(353, 303, 2, 1),
(354, 304, 2, 1),
(355, 305, 2, 1),
(356, 306, 3, 6),
(357, 307, 3, 4),
(358, 308, 3, 3),
(359, 309, 3, 4),
(360, 310, 3, 6),
(361, 311, 3, 7),
(362, 312, 3, 15),
(363, 313, 3, 2),
(364, 7, 3, 2),
(365, 8, 3, 1),
(366, 314, 3, 1),
(367, 315, 3, 1),
(368, 316, 3, 1),
(369, 317, 3, 1),
(370, 318, 3, 1),
(371, 319, 3, 1),
(372, 16, 3, 2),
(373, 320, 3, 1),
(374, 321, 3, 1),
(375, 322, 3, 5),
(376, 323, 3, 2),
(377, 324, 3, 1),
(378, 325, 3, 2),
(379, 326, 3, 1),
(380, 77, 3, 3),
(381, 327, 3, 2),
(382, 328, 3, 1),
(383, 329, 3, 1),
(384, 330, 3, 1),
(385, 331, 3, 2),
(386, 332, 3, 1),
(387, 333, 3, 1),
(388, 334, 3, 3),
(389, 335, 3, 1),
(390, 336, 3, 1),
(391, 147, 3, 1),
(392, 254, 3, 2),
(393, 337, 3, 1),
(394, 338, 3, 2),
(395, 339, 3, 1),
(396, 340, 3, 1),
(397, 341, 3, 2),
(398, 342, 3, 1),
(399, 173, 3, 1),
(400, 304, 3, 1),
(401, 343, 3, 1),
(402, 344, 3, 1),
(403, 345, 3, 1),
(404, 346, 3, 1),
(405, 347, 3, 1),
(406, 348, 3, 1),
(407, 349, 3, 2),
(408, 350, 3, 1),
(409, 82, 3, 1),
(410, 351, 3, 1),
(411, 352, 3, 1),
(412, 353, 3, 1),
(413, 354, 3, 3),
(414, 355, 3, 1),
(415, 356, 3, 2),
(416, 177, 3, 2),
(417, 357, 3, 1),
(418, 358, 3, 3),
(419, 359, 3, 1),
(420, 360, 3, 1),
(421, 361, 3, 1),
(422, 362, 3, 2),
(423, 363, 3, 1),
(424, 268, 3, 1),
(425, 364, 3, 1),
(426, 365, 3, 1),
(427, 366, 3, 2),
(428, 2, 3, 4),
(429, 367, 3, 1),
(430, 368, 3, 1),
(431, 369, 3, 1),
(432, 370, 3, 1),
(433, 89, 3, 1),
(434, 371, 3, 1),
(435, 165, 3, 1),
(436, 372, 3, 1),
(437, 373, 3, 1),
(438, 189, 3, 1),
(439, 374, 3, 1),
(440, 73, 3, 2),
(441, 375, 3, 3),
(442, 376, 3, 1),
(443, 377, 3, 1),
(444, 378, 3, 2),
(445, 379, 3, 1),
(446, 380, 3, 1),
(447, 381, 3, 2),
(448, 382, 3, 1),
(449, 383, 3, 1),
(450, 24, 3, 3),
(451, 384, 3, 1),
(452, 385, 3, 2),
(453, 154, 3, 2),
(454, 262, 3, 1),
(455, 386, 3, 1),
(456, 387, 3, 2),
(457, 260, 3, 2),
(458, 388, 3, 4),
(459, 389, 3, 2),
(460, 390, 3, 1),
(461, 391, 3, 1),
(462, 61, 3, 3),
(463, 392, 3, 1),
(464, 393, 3, 1),
(465, 253, 3, 1),
(466, 394, 3, 1),
(467, 395, 3, 1),
(468, 396, 3, 1),
(469, 397, 3, 1),
(470, 398, 3, 1),
(471, 399, 3, 1),
(472, 400, 3, 1),
(473, 401, 3, 1),
(474, 402, 3, 1),
(475, 403, 3, 1),
(476, 404, 3, 1),
(477, 405, 3, 1),
(478, 406, 3, 1),
(479, 407, 3, 1),
(480, 408, 3, 1),
(481, 409, 3, 1),
(482, 267, 3, 1),
(483, 410, 3, 1),
(484, 411, 3, 1),
(485, 412, 3, 1),
(486, 413, 3, 1),
(487, 414, 3, 1),
(488, 415, 3, 1),
(489, 416, 3, 1),
(490, 417, 3, 1),
(491, 418, 3, 1),
(492, 419, 3, 1),
(493, 158, 3, 1),
(494, 420, 3, 1),
(495, 421, 3, 1),
(496, 422, 3, 1),
(497, 423, 3, 1),
(498, 4, 4, 16),
(499, 56, 4, 26),
(500, 141, 4, 16),
(501, 79, 4, 12),
(502, 2, 4, 8),
(503, 148, 4, 4),
(504, 313, 4, 1),
(505, 7, 4, 1),
(506, 8, 4, 1),
(507, 9, 4, 1),
(508, 10, 4, 1),
(509, 11, 4, 1),
(510, 12, 4, 1),
(511, 159, 4, 12),
(512, 424, 4, 1),
(513, 16, 4, 1),
(514, 131, 4, 2),
(515, 17, 4, 2),
(516, 425, 4, 2),
(517, 89, 4, 4),
(518, 1, 4, 4),
(519, 426, 4, 1),
(520, 427, 4, 1),
(521, 24, 4, 3),
(522, 428, 4, 2),
(523, 429, 4, 3),
(524, 430, 4, 1),
(525, 431, 4, 1),
(526, 31, 4, 1),
(527, 37, 4, 1),
(528, 432, 4, 1),
(529, 154, 4, 1),
(530, 153, 4, 1),
(531, 433, 4, 1),
(532, 183, 4, 1),
(533, 203, 4, 1),
(534, 202, 4, 1),
(535, 434, 4, 1),
(536, 51, 4, 1),
(537, 50, 4, 1),
(538, 435, 4, 1),
(539, 105, 4, 3),
(540, 21, 4, 2),
(541, 54, 4, 3),
(542, 263, 4, 1),
(543, 243, 4, 1),
(544, 71, 4, 1),
(545, 72, 4, 1),
(546, 294, 4, 1),
(547, 98, 4, 2),
(548, 436, 4, 1),
(549, 437, 4, 2),
(550, 47, 4, 1),
(551, 438, 4, 1),
(552, 439, 4, 1),
(553, 440, 4, 1),
(554, 441, 4, 1),
(555, 442, 4, 1),
(556, 443, 4, 1),
(557, 69, 4, 1),
(558, 104, 4, 3),
(559, 444, 4, 2),
(560, 86, 4, 1),
(561, 228, 4, 1),
(562, 102, 4, 1),
(563, 445, 4, 1),
(564, 234, 4, 1),
(565, 58, 4, 1),
(566, 20, 4, 5),
(567, 277, 4, 1),
(568, 272, 4, 1),
(569, 446, 4, 1),
(570, 447, 4, 1),
(571, 448, 4, 1),
(572, 449, 4, 1),
(573, 67, 4, 2),
(574, 75, 4, 4),
(575, 231, 4, 1),
(576, 450, 4, 2),
(577, 235, 4, 2),
(578, 187, 4, 2),
(579, 65, 4, 1),
(580, 451, 4, 1),
(581, 172, 4, 1),
(582, 44, 4, 1),
(583, 452, 4, 1),
(584, 453, 4, 1),
(585, 124, 4, 2),
(586, 77, 4, 1),
(587, 454, 4, 1),
(588, 73, 4, 1),
(589, 455, 4, 3),
(590, 456, 4, 2),
(591, 389, 4, 1),
(592, 457, 4, 1),
(593, 60, 4, 1),
(594, 458, 4, 1),
(595, 212, 4, 1),
(596, 140, 4, 1),
(597, 459, 5, 2),
(598, 460, 5, 10),
(599, 461, 5, 6),
(600, 399, 5, 5),
(601, 462, 5, 14),
(602, 463, 5, 9),
(603, 464, 5, 8),
(604, 465, 5, 5),
(605, 466, 5, 2),
(606, 467, 5, 1),
(607, 8, 5, 1),
(608, 468, 5, 1),
(609, 16, 5, 2),
(610, 469, 5, 8),
(611, 322, 5, 2),
(612, 470, 5, 1),
(613, 471, 5, 10),
(614, 472, 5, 3),
(615, 473, 5, 3),
(616, 474, 5, 1),
(617, 407, 5, 4),
(618, 475, 5, 1),
(619, 476, 5, 3),
(620, 477, 5, 2),
(621, 478, 5, 2),
(622, 479, 5, 2),
(623, 480, 5, 2),
(624, 481, 5, 2),
(625, 482, 5, 1),
(626, 483, 5, 1),
(627, 313, 5, 1),
(628, 484, 5, 11),
(629, 26, 5, 19),
(630, 485, 5, 5),
(631, 486, 5, 6),
(632, 487, 5, 1),
(633, 488, 5, 5),
(634, 203, 5, 1),
(635, 489, 5, 1),
(636, 24, 5, 8),
(637, 25, 5, 1),
(638, 490, 5, 1),
(639, 491, 5, 1),
(640, 492, 5, 6),
(641, 493, 5, 1),
(642, 494, 5, 1),
(643, 495, 5, 1),
(644, 496, 5, 1),
(645, 497, 5, 1),
(646, 498, 5, 1),
(647, 499, 5, 2),
(648, 500, 5, 1),
(649, 501, 5, 1),
(650, 502, 5, 1),
(651, 503, 5, 1),
(652, 504, 5, 1),
(653, 505, 5, 1),
(654, 506, 5, 1),
(655, 507, 5, 2),
(656, 508, 5, 5),
(657, 509, 5, 1),
(658, 442, 5, 1),
(659, 409, 5, 3),
(660, 510, 5, 1),
(661, 511, 5, 2),
(662, 512, 5, 1),
(663, 513, 5, 3),
(664, 211, 5, 5),
(665, 514, 5, 2),
(666, 515, 5, 2),
(667, 516, 5, 4),
(668, 517, 5, 2),
(669, 518, 5, 1),
(670, 519, 5, 1),
(671, 520, 5, 1),
(672, 521, 5, 4),
(673, 522, 5, 1),
(674, 457, 5, 1),
(675, 523, 5, 1),
(676, 44, 5, 1),
(677, 524, 5, 1),
(678, 100, 5, 1),
(679, 525, 5, 1),
(680, 526, 5, 2),
(681, 527, 5, 2),
(682, 528, 5, 2),
(683, 529, 5, 2),
(684, 530, 5, 3),
(685, 531, 5, 4),
(686, 532, 5, 2),
(687, 533, 5, 2),
(688, 101, 5, 5),
(689, 534, 5, 4),
(690, 535, 5, 2),
(691, 536, 5, 3),
(692, 537, 5, 1),
(693, 389, 5, 3),
(694, 102, 5, 1),
(695, 306, 5, 1),
(696, 538, 5, 1),
(697, 539, 5, 3),
(698, 540, 5, 1),
(699, 541, 5, 1),
(700, 542, 5, 1),
(701, 543, 5, 3),
(702, 544, 5, 1),
(703, 545, 5, 2),
(704, 546, 5, 1),
(705, 547, 5, 1),
(706, 548, 5, 3),
(707, 549, 5, 1),
(708, 550, 5, 1),
(709, 551, 5, 1),
(710, 552, 5, 1),
(711, 553, 5, 1),
(712, 333, 5, 2),
(713, 554, 5, 1),
(714, 225, 5, 1),
(715, 555, 5, 1),
(716, 556, 5, 1),
(717, 46, 5, 1),
(718, 557, 5, 1),
(719, 558, 5, 1),
(720, 559, 5, 1),
(721, 560, 5, 1),
(722, 561, 5, 1),
(723, 89, 5, 1),
(724, 562, 5, 2),
(725, 563, 5, 1),
(726, 564, 5, 1),
(727, 565, 5, 1),
(728, 334, 5, 1),
(729, 307, 5, 1),
(730, 419, 5, 1),
(731, 566, 5, 1),
(732, 227, 5, 1),
(733, 253, 5, 1),
(734, 567, 5, 1),
(735, 568, 5, 2),
(736, 569, 5, 1),
(737, 570, 5, 1),
(738, 571, 5, 1),
(739, 572, 5, 1),
(740, 573, 5, 1),
(741, 574, 5, 1),
(742, 429, 5, 1),
(743, 575, 5, 1),
(744, 312, 5, 2),
(745, 576, 5, 1),
(746, 577, 5, 2),
(747, 161, 5, 2),
(748, 578, 5, 2),
(749, 579, 5, 1),
(750, 580, 5, 1),
(751, 147, 5, 1),
(752, 581, 5, 1),
(753, 582, 5, 1),
(754, 348, 5, 1),
(755, 583, 5, 1),
(756, 584, 5, 1),
(757, 585, 5, 1),
(758, 586, 5, 1),
(759, 587, 6, 12),
(760, 588, 6, 12),
(761, 589, 6, 6),
(762, 313, 6, 1),
(763, 7, 6, 1),
(764, 8, 6, 1),
(765, 468, 6, 2),
(766, 590, 6, 1),
(767, 394, 6, 2),
(768, 591, 6, 1),
(769, 592, 6, 1),
(770, 593, 6, 1),
(771, 16, 6, 1),
(772, 594, 6, 1),
(773, 595, 6, 2),
(774, 596, 6, 1),
(775, 597, 6, 4),
(776, 598, 6, 1),
(777, 599, 6, 5),
(778, 600, 6, 1),
(779, 601, 6, 1),
(780, 399, 6, 3),
(781, 602, 6, 1),
(782, 603, 6, 1),
(783, 604, 6, 1),
(784, 605, 6, 1),
(785, 606, 6, 4),
(786, 322, 6, 5),
(787, 607, 6, 1),
(788, 608, 6, 1),
(789, 331, 6, 2),
(790, 609, 6, 1),
(791, 610, 6, 1),
(792, 611, 6, 1),
(793, 612, 6, 5),
(794, 613, 6, 1),
(795, 614, 6, 3),
(796, 615, 6, 4),
(797, 616, 6, 1),
(798, 617, 6, 1),
(799, 618, 6, 1),
(800, 619, 6, 1),
(801, 620, 6, 1),
(802, 621, 6, 1),
(803, 622, 6, 1),
(804, 623, 6, 2),
(805, 624, 6, 2),
(806, 625, 6, 1),
(807, 626, 6, 2),
(808, 627, 6, 4),
(809, 628, 6, 9),
(810, 629, 6, 1),
(811, 630, 6, 4),
(812, 631, 6, 7),
(813, 112, 6, 1),
(814, 632, 6, 1),
(815, 633, 6, 1),
(816, 526, 6, 2),
(817, 634, 6, 1),
(818, 635, 6, 1),
(819, 636, 6, 3),
(820, 637, 6, 8),
(821, 638, 6, 1),
(822, 639, 6, 1),
(823, 640, 6, 1),
(824, 22, 6, 5),
(825, 641, 6, 1),
(826, 642, 6, 1),
(827, 643, 6, 2),
(828, 644, 6, 1),
(829, 645, 6, 1),
(830, 646, 6, 3),
(831, 647, 6, 3),
(832, 73, 6, 1),
(833, 648, 6, 1),
(834, 649, 6, 1),
(835, 650, 6, 1),
(836, 464, 6, 1),
(837, 651, 6, 2),
(838, 381, 6, 2),
(839, 652, 6, 6),
(840, 653, 6, 1),
(841, 654, 6, 1),
(842, 655, 6, 1),
(843, 656, 6, 2),
(844, 657, 6, 2),
(845, 393, 6, 1),
(846, 658, 6, 1),
(847, 389, 6, 1),
(848, 659, 6, 1),
(849, 660, 6, 1),
(850, 661, 6, 1),
(851, 662, 6, 5),
(852, 231, 6, 1),
(853, 663, 6, 1),
(854, 664, 6, 1),
(855, 665, 6, 1),
(856, 666, 6, 1),
(857, 667, 6, 2),
(858, 668, 6, 3),
(859, 510, 6, 1),
(860, 388, 6, 1),
(861, 669, 6, 1),
(862, 670, 6, 3),
(863, 671, 6, 1),
(864, 672, 6, 2),
(865, 673, 6, 2),
(866, 412, 6, 2),
(867, 674, 6, 1),
(868, 134, 6, 1),
(869, 675, 6, 1),
(870, 83, 6, 2),
(871, 676, 6, 1),
(872, 677, 6, 1),
(873, 678, 6, 1),
(874, 679, 6, 1),
(875, 680, 6, 1),
(876, 21, 6, 1),
(877, 431, 6, 1),
(878, 681, 6, 1),
(879, 682, 6, 1),
(880, 683, 6, 1),
(881, 684, 6, 2),
(882, 685, 6, 1),
(883, 686, 6, 1),
(884, 687, 6, 2),
(885, 688, 6, 1),
(886, 689, 6, 1),
(887, 690, 6, 1),
(888, 691, 6, 1),
(889, 692, 6, 1),
(890, 693, 6, 1),
(891, 694, 6, 1),
(892, 695, 6, 1),
(893, 197, 6, 4),
(894, 70, 6, 1),
(895, 696, 6, 1),
(896, 697, 6, 2),
(897, 698, 6, 1),
(898, 699, 6, 1),
(899, 1, 6, 1),
(900, 700, 6, 1),
(901, 549, 6, 2),
(902, 701, 6, 1),
(903, 582, 6, 2),
(904, 702, 6, 1),
(905, 703, 6, 1),
(906, 704, 6, 1),
(907, 705, 6, 1),
(908, 69, 6, 1),
(909, 706, 6, 1),
(910, 707, 6, 1),
(911, 708, 6, 1),
(912, 117, 6, 1),
(913, 709, 6, 1),
(914, 710, 6, 3),
(915, 711, 6, 1),
(916, 302, 6, 1),
(917, 712, 6, 1),
(918, 713, 6, 1),
(919, 714, 6, 1),
(920, 715, 6, 1),
(921, 716, 6, 1),
(922, 717, 6, 1),
(923, 718, 6, 1),
(924, 719, 6, 1),
(925, 720, 6, 1),
(926, 459, 6, 1),
(927, 721, 6, 1),
(928, 722, 6, 3),
(929, 723, 6, 1),
(930, 724, 6, 1),
(931, 725, 6, 1),
(932, 726, 6, 1),
(933, 727, 6, 1),
(934, 728, 6, 1),
(935, 729, 6, 1),
(936, 174, 6, 1),
(937, 730, 6, 1),
(938, 731, 6, 2),
(939, 732, 6, 1),
(940, 733, 6, 1),
(941, 734, 6, 1),
(942, 735, 6, 1),
(943, 736, 6, 1),
(944, 737, 6, 1),
(945, 738, 6, 1),
(946, 739, 6, 1),
(947, 740, 6, 1),
(948, 741, 6, 1),
(949, 742, 6, 1),
(950, 743, 6, 1),
(951, 744, 6, 1),
(952, 745, 6, 1),
(953, 746, 6, 1),
(954, 747, 6, 1),
(955, 748, 6, 1),
(956, 749, 6, 1),
(957, 750, 6, 1),
(958, 751, 6, 1),
(959, 752, 7, 7),
(960, 753, 7, 4),
(961, 754, 7, 6),
(962, 755, 7, 8),
(963, 312, 7, 6),
(964, 444, 7, 3),
(965, 756, 7, 4),
(966, 757, 7, 2),
(967, 7, 7, 1),
(968, 8, 7, 1),
(969, 758, 7, 1),
(970, 268, 7, 1),
(971, 759, 7, 2),
(972, 760, 7, 1),
(973, 761, 7, 2),
(974, 762, 7, 1),
(975, 763, 7, 1),
(976, 764, 7, 1),
(977, 16, 7, 1),
(978, 651, 7, 1),
(979, 381, 7, 2),
(980, 765, 7, 1),
(981, 766, 7, 2),
(982, 767, 7, 2),
(983, 768, 7, 1),
(984, 769, 7, 2),
(985, 770, 7, 1),
(986, 615, 7, 4),
(987, 771, 7, 3),
(988, 772, 7, 2),
(989, 292, 7, 2),
(990, 117, 7, 1),
(991, 773, 7, 1),
(992, 774, 7, 1),
(993, 775, 7, 2),
(994, 776, 7, 2),
(995, 582, 7, 3),
(996, 777, 7, 2),
(997, 189, 7, 1),
(998, 245, 7, 1),
(999, 124, 7, 1),
(1000, 778, 7, 1),
(1001, 779, 7, 1),
(1002, 780, 7, 1),
(1003, 781, 7, 1),
(1004, 339, 7, 1),
(1005, 176, 7, 1),
(1006, 782, 7, 1),
(1007, 783, 7, 1),
(1008, 180, 7, 1),
(1009, 549, 7, 1),
(1010, 784, 7, 1),
(1011, 785, 7, 1),
(1012, 513, 7, 3),
(1013, 177, 7, 2),
(1014, 375, 7, 4),
(1015, 36, 7, 2),
(1016, 508, 7, 1),
(1017, 786, 7, 1),
(1018, 787, 7, 1),
(1019, 25, 7, 3),
(1020, 159, 7, 1),
(1021, 64, 7, 1),
(1022, 788, 7, 1),
(1023, 789, 7, 1),
(1024, 229, 7, 1),
(1025, 234, 7, 1),
(1026, 19, 7, 1),
(1027, 69, 7, 1),
(1028, 24, 7, 1),
(1029, 2, 7, 1),
(1030, 790, 7, 1),
(1031, 791, 7, 1),
(1032, 792, 7, 1),
(1033, 793, 7, 2),
(1034, 27, 7, 1),
(1035, 147, 7, 1),
(1036, 391, 7, 1),
(1037, 705, 7, 2),
(1038, 219, 7, 1),
(1039, 629, 7, 1),
(1040, 794, 7, 1),
(1041, 483, 7, 1),
(1042, 795, 7, 1),
(1043, 796, 7, 1),
(1044, 797, 7, 1),
(1045, 798, 7, 1),
(1046, 799, 7, 1),
(1047, 800, 7, 1),
(1048, 801, 7, 1),
(1049, 580, 7, 1),
(1050, 802, 7, 1),
(1051, 803, 7, 1),
(1052, 804, 7, 1),
(1053, 307, 7, 1),
(1054, 742, 7, 1),
(1055, 805, 7, 1),
(1056, 76, 7, 1),
(1057, 392, 7, 1),
(1058, 806, 7, 1),
(1059, 458, 7, 1),
(1060, 77, 7, 2),
(1061, 58, 7, 1),
(1062, 807, 7, 1),
(1063, 290, 7, 1),
(1064, 385, 7, 1),
(1065, 808, 7, 2),
(1066, 154, 7, 3),
(1067, 489, 7, 1),
(1068, 156, 7, 1),
(1069, 6, 7, 1),
(1070, 707, 7, 1),
(1071, 262, 7, 1),
(1072, 809, 7, 1),
(1073, 810, 7, 1),
(1074, 752, 8, 10),
(1075, 811, 8, 4),
(1076, 176, 8, 3),
(1077, 812, 8, 3),
(1078, 312, 8, 8),
(1079, 313, 8, 1),
(1080, 467, 8, 1),
(1081, 8, 8, 1),
(1082, 813, 8, 1),
(1083, 814, 8, 1),
(1084, 759, 8, 2),
(1085, 760, 8, 1),
(1086, 815, 8, 1),
(1087, 816, 8, 1),
(1088, 325, 8, 1),
(1089, 591, 8, 1),
(1090, 817, 8, 1),
(1091, 818, 8, 1),
(1092, 16, 8, 1),
(1093, 615, 8, 4),
(1094, 697, 8, 3),
(1095, 769, 8, 2),
(1096, 819, 8, 1),
(1097, 820, 8, 1),
(1098, 742, 8, 1),
(1099, 821, 8, 1),
(1100, 761, 8, 3),
(1101, 771, 8, 6),
(1102, 822, 8, 1),
(1103, 803, 8, 4),
(1104, 356, 8, 4),
(1105, 804, 8, 4),
(1106, 154, 8, 8),
(1107, 508, 8, 3),
(1108, 573, 8, 1),
(1109, 384, 8, 1),
(1110, 36, 8, 4),
(1111, 823, 8, 1),
(1112, 824, 8, 4),
(1113, 125, 8, 1),
(1114, 307, 8, 2),
(1115, 825, 8, 1),
(1116, 374, 8, 1),
(1117, 629, 8, 1),
(1118, 262, 8, 5),
(1119, 77, 8, 5),
(1120, 375, 8, 7),
(1121, 7, 8, 1),
(1122, 826, 8, 1),
(1123, 827, 8, 2),
(1124, 17, 8, 1),
(1125, 513, 8, 2),
(1126, 828, 8, 1),
(1127, 47, 8, 1),
(1128, 829, 8, 1),
(1129, 549, 8, 1),
(1130, 762, 8, 1),
(1131, 722, 8, 1),
(1132, 830, 8, 1),
(1133, 831, 8, 1),
(1134, 177, 8, 5),
(1135, 371, 8, 1),
(1136, 832, 8, 2),
(1137, 833, 8, 1),
(1138, 834, 8, 1),
(1139, 358, 8, 2),
(1140, 835, 8, 1),
(1141, 836, 8, 1),
(1142, 837, 8, 2),
(1143, 838, 8, 1),
(1144, 839, 8, 1),
(1145, 808, 8, 1),
(1146, 840, 8, 1),
(1147, 841, 8, 1),
(1148, 112, 8, 1),
(1149, 842, 8, 1),
(1150, 843, 8, 1),
(1151, 844, 8, 1),
(1152, 644, 8, 1),
(1153, 845, 8, 2),
(1154, 334, 8, 1),
(1155, 578, 8, 1),
(1156, 846, 8, 1),
(1157, 847, 8, 1),
(1158, 848, 8, 1),
(1159, 849, 8, 1),
(1160, 850, 8, 1),
(1161, 851, 8, 1),
(1162, 852, 8, 3),
(1163, 853, 8, 1),
(1164, 854, 8, 1),
(1165, 855, 8, 1),
(1166, 156, 8, 1),
(1167, 298, 8, 1),
(1168, 856, 8, 1),
(1169, 104, 8, 1),
(1170, 463, 8, 1),
(1171, 366, 8, 1),
(1172, 2, 8, 1),
(1173, 387, 8, 1),
(1174, 733, 8, 1),
(1175, 857, 8, 1),
(1176, 392, 8, 1),
(1177, 806, 8, 1),
(1178, 772, 8, 2),
(1179, 311, 8, 1),
(1180, 144, 8, 1),
(1181, 858, 8, 1),
(1182, 781, 8, 1),
(1183, 810, 8, 1),
(1184, 859, 9, 21),
(1185, 157, 9, 13),
(1186, 860, 9, 7),
(1187, 861, 9, 19),
(1188, 862, 9, 20),
(1189, 863, 9, 3),
(1190, 864, 9, 1),
(1191, 7, 9, 1),
(1192, 8, 9, 1),
(1193, 865, 9, 1),
(1194, 866, 9, 1),
(1195, 590, 9, 1),
(1196, 16, 9, 3),
(1197, 505, 9, 3),
(1198, 845, 9, 1),
(1199, 867, 9, 1),
(1200, 44, 9, 2),
(1201, 868, 9, 1),
(1202, 733, 9, 3),
(1203, 869, 9, 3),
(1204, 870, 9, 5),
(1205, 871, 9, 6),
(1206, 872, 9, 2),
(1207, 46, 9, 1),
(1208, 873, 9, 2),
(1209, 562, 9, 2),
(1210, 874, 9, 1),
(1211, 875, 9, 1),
(1212, 174, 9, 2),
(1213, 876, 9, 1),
(1214, 877, 9, 2),
(1215, 878, 9, 1),
(1216, 879, 9, 1),
(1217, 24, 9, 2),
(1218, 492, 9, 1),
(1219, 880, 9, 1),
(1220, 881, 9, 1),
(1221, 882, 9, 1),
(1222, 883, 9, 1),
(1223, 884, 9, 1),
(1224, 602, 9, 2),
(1225, 729, 9, 1),
(1226, 885, 9, 1),
(1227, 886, 9, 3),
(1228, 887, 9, 1),
(1229, 888, 9, 1),
(1230, 889, 9, 1),
(1231, 890, 9, 1),
(1232, 17, 9, 1),
(1233, 891, 9, 2),
(1234, 892, 9, 1),
(1235, 263, 9, 1),
(1236, 427, 9, 2),
(1237, 124, 9, 1),
(1238, 827, 9, 1),
(1239, 554, 9, 1),
(1240, 893, 9, 2),
(1241, 705, 9, 1),
(1242, 894, 9, 1),
(1243, 812, 9, 1),
(1244, 895, 9, 2),
(1245, 896, 9, 2),
(1246, 36, 9, 1),
(1247, 897, 9, 1),
(1248, 898, 9, 1),
(1249, 899, 9, 1),
(1250, 900, 9, 1),
(1251, 901, 9, 1),
(1252, 902, 9, 1),
(1253, 903, 9, 1),
(1254, 904, 9, 2),
(1255, 905, 9, 1),
(1256, 906, 9, 1),
(1257, 907, 9, 1),
(1258, 908, 9, 1),
(1259, 909, 9, 1),
(1260, 910, 9, 1),
(1261, 738, 9, 1),
(1262, 911, 9, 1),
(1263, 912, 9, 1),
(1264, 913, 9, 1),
(1265, 914, 10, 1),
(1266, 915, 10, 1),
(1267, 916, 10, 1),
(1268, 917, 10, 18),
(1269, 918, 10, 23),
(1270, 919, 10, 3),
(1271, 920, 10, 5),
(1272, 921, 10, 18),
(1273, 922, 10, 27),
(1274, 923, 10, 6),
(1275, 313, 10, 1),
(1276, 7, 10, 1),
(1277, 8, 10, 1),
(1278, 865, 10, 1),
(1279, 866, 10, 1),
(1280, 590, 10, 1),
(1281, 924, 10, 17),
(1282, 925, 10, 12),
(1283, 16, 10, 7),
(1284, 926, 10, 7),
(1285, 927, 10, 7),
(1286, 928, 10, 7),
(1287, 562, 10, 2),
(1288, 929, 10, 1),
(1289, 844, 10, 1),
(1290, 503, 10, 3),
(1291, 930, 10, 1),
(1292, 931, 10, 1),
(1293, 932, 10, 1),
(1294, 933, 10, 1),
(1295, 733, 10, 2),
(1296, 934, 10, 1),
(1297, 935, 10, 1),
(1298, 936, 10, 1),
(1299, 56, 10, 1),
(1300, 197, 10, 2),
(1301, 271, 10, 1),
(1302, 826, 10, 1),
(1303, 47, 10, 1),
(1304, 874, 10, 2),
(1305, 937, 10, 1),
(1306, 938, 10, 2),
(1307, 939, 10, 1),
(1308, 801, 10, 2),
(1309, 940, 10, 2),
(1310, 941, 10, 5),
(1311, 942, 10, 1),
(1312, 227, 10, 2),
(1313, 23, 10, 1),
(1314, 943, 10, 1),
(1315, 944, 10, 4),
(1316, 945, 10, 1),
(1317, 946, 10, 12),
(1318, 890, 10, 4),
(1319, 947, 10, 1),
(1320, 948, 10, 3),
(1321, 949, 10, 1),
(1322, 950, 10, 1),
(1323, 951, 10, 2),
(1324, 952, 10, 1),
(1325, 427, 10, 4),
(1326, 953, 10, 2),
(1327, 954, 10, 4),
(1328, 955, 10, 1),
(1329, 713, 10, 1),
(1330, 956, 10, 1),
(1331, 957, 10, 1),
(1332, 788, 10, 1),
(1333, 463, 10, 1),
(1334, 334, 10, 1),
(1335, 958, 10, 2),
(1336, 959, 10, 3),
(1337, 730, 10, 1),
(1338, 960, 10, 1),
(1339, 417, 10, 3),
(1340, 961, 10, 1),
(1341, 962, 10, 1),
(1342, 963, 10, 1),
(1343, 964, 10, 2),
(1344, 124, 10, 1),
(1345, 827, 10, 1),
(1346, 965, 10, 2),
(1347, 966, 10, 1),
(1348, 967, 10, 1),
(1349, 968, 10, 1),
(1350, 969, 10, 2),
(1351, 970, 10, 1),
(1352, 971, 10, 1),
(1353, 972, 10, 1),
(1354, 112, 10, 2),
(1355, 973, 10, 1),
(1356, 356, 10, 1),
(1357, 974, 10, 2),
(1358, 975, 10, 1),
(1359, 976, 10, 1),
(1360, 845, 10, 1),
(1361, 804, 10, 1),
(1362, 977, 10, 2),
(1363, 267, 10, 1),
(1364, 978, 10, 1),
(1365, 979, 10, 1),
(1366, 980, 10, 1),
(1367, 981, 10, 3),
(1368, 982, 10, 1),
(1369, 983, 10, 1),
(1370, 984, 10, 1),
(1371, 441, 10, 1),
(1372, 985, 10, 1),
(1373, 986, 10, 1),
(1374, 987, 10, 1),
(1375, 988, 10, 1),
(1376, 989, 10, 1),
(1377, 990, 10, 1),
(1378, 991, 10, 1),
(1379, 992, 10, 1),
(1380, 913, 10, 1),
(1381, 993, 11, 10),
(1382, 683, 11, 10),
(1383, 141, 11, 10),
(1384, 994, 11, 10),
(1385, 995, 11, 13),
(1386, 996, 11, 14),
(1387, 997, 11, 12),
(1388, 998, 11, 3),
(1389, 383, 11, 3),
(1390, 999, 11, 1),
(1391, 1000, 11, 1),
(1392, 1001, 11, 3),
(1393, 1002, 11, 3),
(1394, 1003, 11, 2),
(1395, 1004, 11, 6),
(1396, 1005, 11, 6),
(1397, 1006, 11, 2),
(1398, 322, 11, 28),
(1399, 1007, 11, 14),
(1400, 1008, 11, 3),
(1401, 1009, 11, 4),
(1402, 1010, 11, 3),
(1403, 1011, 11, 3),
(1404, 804, 11, 4),
(1405, 1012, 11, 1),
(1406, 1013, 11, 3),
(1407, 602, 11, 1),
(1408, 1014, 11, 2),
(1409, 1015, 11, 2),
(1410, 1016, 11, 2),
(1411, 1017, 11, 2),
(1412, 1018, 11, 1),
(1413, 856, 11, 2),
(1414, 1019, 11, 2),
(1415, 1020, 11, 4),
(1416, 57, 11, 1),
(1417, 1021, 11, 2),
(1418, 1022, 11, 2),
(1419, 1023, 11, 1),
(1420, 1024, 11, 2),
(1421, 1025, 11, 2),
(1422, 1026, 11, 1),
(1423, 844, 11, 1),
(1424, 308, 11, 1),
(1425, 1027, 11, 1),
(1426, 1028, 11, 1),
(1427, 1029, 11, 1),
(1428, 1030, 11, 2),
(1429, 1031, 11, 1),
(1430, 1032, 11, 1),
(1431, 512, 11, 1),
(1432, 1033, 11, 3),
(1433, 1034, 11, 1),
(1434, 328, 11, 3),
(1435, 1035, 11, 2),
(1436, 1036, 11, 8),
(1437, 1037, 11, 1),
(1438, 1038, 11, 3),
(1439, 1039, 11, 1),
(1440, 1040, 11, 1),
(1441, 487, 11, 1),
(1442, 556, 11, 1),
(1443, 1041, 11, 1),
(1444, 1042, 11, 1),
(1445, 1043, 11, 2),
(1446, 1044, 11, 1),
(1447, 574, 11, 2),
(1448, 1045, 11, 3),
(1449, 235, 11, 6),
(1450, 848, 11, 3),
(1451, 1046, 11, 1),
(1452, 1047, 11, 1),
(1453, 365, 11, 2),
(1454, 1048, 11, 3),
(1455, 1049, 11, 1),
(1456, 1050, 11, 9),
(1457, 1051, 11, 1),
(1458, 1052, 11, 1),
(1459, 615, 11, 3),
(1460, 795, 11, 1),
(1461, 794, 11, 1),
(1462, 1053, 11, 1),
(1463, 1054, 11, 1),
(1464, 1055, 11, 1),
(1465, 49, 11, 1),
(1466, 1056, 11, 4),
(1467, 836, 11, 4),
(1468, 331, 11, 1),
(1469, 345, 11, 1),
(1470, 227, 11, 2),
(1471, 391, 11, 1),
(1472, 1057, 11, 3),
(1473, 1058, 11, 2),
(1474, 1059, 11, 1),
(1475, 835, 11, 3),
(1476, 578, 11, 3),
(1477, 1060, 11, 2),
(1478, 1061, 11, 7),
(1479, 1062, 11, 1),
(1480, 887, 11, 6),
(1481, 1063, 11, 1),
(1482, 1064, 11, 2),
(1483, 1065, 11, 1),
(1484, 1066, 11, 1),
(1485, 1067, 11, 1),
(1486, 1068, 11, 1),
(1487, 1069, 11, 1),
(1488, 1070, 11, 1),
(1489, 389, 11, 4),
(1490, 1071, 11, 2),
(1491, 1072, 11, 1),
(1492, 1073, 11, 1),
(1493, 1074, 11, 1),
(1494, 83, 11, 1),
(1495, 944, 11, 1),
(1496, 1075, 11, 1),
(1497, 1076, 11, 1),
(1498, 843, 11, 2),
(1499, 1077, 11, 1),
(1500, 1078, 11, 1),
(1501, 1079, 11, 1),
(1502, 1080, 11, 1),
(1503, 452, 11, 1),
(1504, 1081, 11, 2),
(1505, 768, 11, 4),
(1506, 1082, 11, 1),
(1507, 72, 11, 1),
(1508, 1083, 11, 1),
(1509, 22, 11, 3),
(1510, 644, 11, 1),
(1511, 21, 11, 2),
(1512, 1084, 11, 1),
(1513, 1085, 11, 1),
(1514, 1086, 11, 1),
(1515, 1087, 11, 1),
(1516, 582, 11, 5),
(1517, 211, 11, 2),
(1518, 747, 11, 1),
(1519, 27, 11, 1),
(1520, 319, 11, 9),
(1521, 1088, 11, 1),
(1522, 1089, 11, 1),
(1523, 77, 11, 6),
(1524, 2, 11, 1),
(1525, 1090, 11, 1),
(1526, 386, 11, 1),
(1527, 1091, 11, 1),
(1528, 1092, 11, 1),
(1529, 1093, 11, 4),
(1530, 290, 11, 1),
(1531, 526, 11, 3),
(1532, 61, 11, 2),
(1533, 1094, 11, 2),
(1534, 1095, 11, 1),
(1535, 1096, 11, 5),
(1536, 1097, 11, 1),
(1537, 63, 11, 2),
(1538, 674, 11, 2),
(1539, 12, 11, 1),
(1540, 755, 11, 2),
(1541, 1098, 11, 1),
(1542, 1099, 11, 1),
(1543, 267, 11, 1),
(1544, 266, 11, 1),
(1545, 1100, 11, 1),
(1546, 1101, 11, 2),
(1547, 1102, 11, 1),
(1548, 1103, 11, 1),
(1549, 1104, 11, 1),
(1550, 1105, 11, 2),
(1551, 156, 11, 1),
(1552, 762, 11, 2),
(1553, 744, 11, 1),
(1554, 7, 11, 1),
(1555, 174, 11, 2),
(1556, 355, 11, 1),
(1557, 800, 11, 2),
(1558, 242, 11, 1),
(1559, 1106, 11, 1),
(1560, 1107, 11, 1),
(1561, 94, 11, 1),
(1562, 1108, 11, 1),
(1563, 115, 11, 1),
(1564, 89, 11, 1),
(1565, 1109, 11, 1),
(1566, 894, 11, 1),
(1567, 705, 11, 1),
(1568, 1110, 11, 1),
(1569, 47, 11, 1),
(1570, 870, 11, 2),
(1571, 1111, 11, 2),
(1572, 1112, 11, 2),
(1573, 1113, 11, 2),
(1574, 1114, 11, 1),
(1575, 1115, 11, 1),
(1576, 1116, 11, 1),
(1577, 1117, 11, 1),
(1578, 1118, 11, 1),
(1579, 1119, 11, 1),
(1580, 1120, 11, 1),
(1581, 1121, 11, 1),
(1582, 340, 11, 1),
(1583, 1122, 11, 2),
(1584, 1123, 11, 3),
(1585, 203, 11, 1),
(1586, 1124, 11, 2),
(1587, 1125, 11, 1),
(1588, 1126, 11, 1),
(1589, 1127, 11, 1),
(1590, 1128, 11, 1),
(1591, 1129, 11, 1),
(1592, 1130, 11, 1),
(1593, 1131, 12, 5),
(1594, 752, 12, 3),
(1595, 104, 12, 5),
(1596, 1132, 12, 2),
(1597, 1133, 12, 5),
(1598, 313, 12, 1),
(1599, 7, 12, 1),
(1600, 8, 12, 2),
(1601, 468, 12, 1),
(1602, 1134, 12, 2),
(1603, 1135, 12, 2),
(1604, 1136, 12, 1),
(1605, 16, 12, 1),
(1606, 1137, 12, 5),
(1607, 1138, 12, 4),
(1608, 1139, 12, 1),
(1609, 573, 12, 2),
(1610, 34, 12, 1),
(1611, 759, 12, 1),
(1612, 69, 12, 1),
(1613, 1140, 12, 1),
(1614, 1141, 12, 2),
(1615, 58, 12, 2),
(1616, 6, 12, 1),
(1617, 1142, 12, 1),
(1618, 1143, 12, 1),
(1619, 1144, 12, 1),
(1620, 1145, 12, 1),
(1621, 1146, 12, 1),
(1622, 1147, 12, 1),
(1623, 1053, 12, 1),
(1624, 1148, 12, 2),
(1625, 24, 12, 1),
(1626, 492, 12, 1),
(1627, 441, 12, 1),
(1628, 802, 12, 1),
(1629, 1149, 12, 1),
(1630, 1150, 12, 1),
(1631, 1151, 12, 1),
(1632, 91, 12, 1),
(1633, 682, 12, 1),
(1634, 551, 12, 1),
(1635, 358, 12, 1),
(1636, 1152, 12, 1),
(1637, 362, 12, 2),
(1638, 1153, 12, 1),
(1639, 1154, 12, 1),
(1640, 1155, 12, 1),
(1641, 1156, 12, 1),
(1642, 21, 12, 1),
(1643, 1157, 12, 2),
(1644, 901, 12, 2),
(1645, 1158, 12, 1),
(1646, 462, 12, 1),
(1647, 615, 12, 1),
(1648, 1159, 12, 1),
(1649, 1160, 12, 1),
(1650, 1161, 12, 1),
(1651, 1162, 12, 2),
(1652, 1163, 12, 1),
(1653, 333, 12, 1),
(1654, 1164, 12, 1),
(1655, 1165, 12, 1),
(1656, 1166, 12, 1),
(1657, 697, 12, 1),
(1658, 1167, 12, 1),
(1659, 792, 12, 1),
(1660, 1168, 12, 1),
(1661, 1169, 12, 1),
(1662, 1170, 12, 1),
(1663, 556, 12, 1),
(1664, 1171, 12, 1),
(1665, 1172, 12, 1),
(1666, 1173, 12, 1),
(1667, 929, 12, 1),
(1668, 1174, 12, 1),
(1669, 1175, 12, 1),
(1670, 442, 12, 1),
(1671, 1176, 12, 1),
(1672, 622, 12, 1),
(1673, 1177, 12, 1),
(1674, 156, 12, 1),
(1675, 1178, 12, 1),
(1676, 825, 12, 1),
(1677, 418, 12, 1),
(1678, 26, 12, 1),
(1679, 1179, 12, 1),
(1680, 1180, 12, 1),
(1681, 1181, 12, 1),
(1682, 1182, 12, 1),
(1683, 1183, 12, 1),
(1684, 810, 12, 1),
(1685, 664, 13, 3),
(1686, 1184, 13, 4),
(1687, 1185, 13, 3),
(1688, 1186, 13, 11),
(1689, 1187, 13, 5),
(1690, 1188, 13, 6),
(1691, 606, 13, 23),
(1692, 1189, 13, 8),
(1693, 512, 13, 8),
(1694, 1190, 13, 9),
(1695, 864, 13, 1),
(1696, 7, 13, 1),
(1697, 8, 13, 1),
(1698, 1191, 13, 1),
(1699, 1192, 13, 1),
(1700, 1193, 13, 4),
(1701, 1194, 13, 1),
(1702, 1195, 13, 1),
(1703, 16, 13, 3),
(1704, 550, 13, 5),
(1705, 125, 13, 2),
(1706, 1196, 13, 2),
(1707, 63, 13, 2),
(1708, 1197, 13, 2),
(1709, 674, 13, 3),
(1710, 1198, 13, 4),
(1711, 857, 13, 8),
(1712, 1199, 13, 10),
(1713, 1200, 13, 5),
(1714, 1201, 13, 2),
(1715, 1202, 13, 2),
(1716, 887, 13, 3),
(1717, 1203, 13, 1),
(1718, 625, 13, 21),
(1719, 1123, 13, 4),
(1720, 624, 13, 2),
(1721, 1089, 13, 2),
(1722, 1204, 13, 1),
(1723, 1205, 13, 1),
(1724, 1206, 13, 10),
(1725, 491, 13, 1),
(1726, 1207, 13, 1),
(1727, 1208, 13, 1),
(1728, 1209, 13, 2),
(1729, 1210, 13, 1),
(1730, 1211, 13, 7),
(1731, 17, 13, 3),
(1732, 856, 13, 2),
(1733, 242, 13, 1),
(1734, 1212, 13, 1),
(1735, 655, 13, 4),
(1736, 1213, 13, 1),
(1737, 1214, 13, 1),
(1738, 269, 13, 3),
(1739, 929, 13, 4),
(1740, 1215, 13, 1),
(1741, 458, 13, 1),
(1742, 1216, 13, 1),
(1743, 1217, 13, 1),
(1744, 1097, 13, 1),
(1745, 134, 13, 1),
(1746, 1218, 13, 1),
(1747, 1219, 13, 1),
(1748, 341, 13, 1),
(1749, 1054, 13, 1),
(1750, 231, 13, 1),
(1751, 662, 13, 8),
(1752, 1220, 13, 1),
(1753, 1221, 13, 3),
(1754, 1222, 13, 1),
(1755, 1223, 13, 1),
(1756, 441, 13, 3),
(1757, 115, 13, 2),
(1758, 1224, 13, 2),
(1759, 1225, 13, 3),
(1760, 705, 13, 1),
(1761, 1226, 13, 4),
(1762, 358, 13, 1),
(1763, 890, 13, 5),
(1764, 24, 13, 4),
(1765, 1227, 13, 2),
(1766, 953, 13, 3),
(1767, 1228, 13, 1),
(1768, 1229, 13, 1),
(1769, 1230, 13, 1),
(1770, 1231, 13, 4),
(1771, 1232, 13, 1),
(1772, 1233, 13, 1),
(1773, 1234, 13, 1),
(1774, 1235, 13, 1),
(1775, 1236, 13, 2),
(1776, 1237, 13, 1),
(1777, 894, 13, 1),
(1778, 1238, 13, 1),
(1779, 1239, 13, 1),
(1780, 1240, 13, 1),
(1781, 1241, 13, 3),
(1782, 1242, 13, 1),
(1783, 306, 13, 2),
(1784, 388, 13, 5),
(1785, 1243, 13, 3),
(1786, 959, 13, 2),
(1787, 1244, 13, 1),
(1788, 1245, 13, 1),
(1789, 1246, 13, 1),
(1790, 513, 13, 2),
(1791, 464, 13, 1),
(1792, 1247, 13, 1),
(1793, 1248, 13, 1),
(1794, 711, 13, 1),
(1795, 1249, 13, 1),
(1796, 707, 13, 1),
(1797, 1250, 13, 1),
(1798, 870, 13, 1),
(1799, 871, 13, 1),
(1800, 1251, 13, 1),
(1801, 1252, 13, 4),
(1802, 44, 13, 2),
(1803, 1253, 13, 1),
(1804, 1044, 13, 1),
(1805, 1254, 13, 3),
(1806, 1255, 13, 1),
(1807, 1256, 13, 2),
(1808, 1257, 13, 1),
(1809, 34, 13, 2),
(1810, 1258, 13, 1),
(1811, 1259, 13, 2),
(1812, 1260, 13, 1),
(1813, 802, 13, 1),
(1814, 1261, 13, 1),
(1815, 1262, 13, 1),
(1816, 901, 13, 1),
(1817, 1263, 13, 1),
(1818, 1264, 13, 3),
(1819, 1265, 13, 1),
(1820, 157, 13, 1),
(1821, 1266, 13, 4),
(1822, 1267, 13, 2),
(1823, 956, 13, 1),
(1824, 22, 13, 1),
(1825, 1268, 13, 1),
(1826, 1269, 13, 5),
(1827, 972, 13, 1),
(1828, 964, 13, 1),
(1829, 1270, 13, 1),
(1830, 1271, 13, 1),
(1831, 1272, 13, 1),
(1832, 1273, 13, 1),
(1833, 1274, 13, 1),
(1834, 176, 13, 2),
(1835, 1275, 13, 1),
(1836, 1276, 13, 1),
(1837, 510, 13, 1),
(1838, 1277, 13, 1),
(1839, 789, 13, 2),
(1840, 615, 13, 2),
(1841, 1278, 13, 1),
(1842, 1279, 13, 2),
(1843, 1280, 13, 2),
(1844, 1281, 13, 1),
(1845, 1282, 13, 1),
(1846, 1283, 13, 4),
(1847, 1284, 13, 2),
(1848, 1285, 13, 2),
(1849, 1286, 13, 1),
(1850, 210, 13, 1),
(1851, 1287, 13, 2),
(1852, 1288, 13, 1),
(1853, 1095, 13, 1),
(1854, 1289, 13, 2),
(1855, 1290, 13, 2),
(1856, 1291, 13, 2),
(1857, 1292, 13, 1),
(1858, 1293, 13, 1),
(1859, 946, 13, 3),
(1860, 1294, 13, 1),
(1861, 374, 13, 3),
(1862, 227, 13, 1),
(1863, 1295, 13, 6),
(1864, 1296, 13, 1),
(1865, 885, 13, 2),
(1866, 1297, 13, 2),
(1867, 973, 13, 1),
(1868, 346, 13, 5),
(1869, 1298, 13, 1),
(1870, 737, 13, 1),
(1871, 1299, 13, 1),
(1872, 1300, 13, 1),
(1873, 332, 13, 1),
(1874, 798, 13, 1),
(1875, 684, 13, 3),
(1876, 1301, 13, 1),
(1877, 1302, 13, 1),
(1878, 1303, 13, 1),
(1879, 1304, 13, 1),
(1880, 1305, 13, 1),
(1881, 1306, 13, 1),
(1882, 1307, 13, 1),
(1883, 1308, 13, 1),
(1884, 352, 13, 2),
(1885, 1309, 13, 4),
(1886, 322, 13, 2),
(1887, 1310, 13, 1),
(1888, 554, 13, 1),
(1889, 1311, 13, 1),
(1890, 21, 13, 1),
(1891, 1312, 13, 1),
(1892, 757, 13, 1),
(1893, 1313, 13, 1),
(1894, 1314, 13, 1),
(1895, 1315, 13, 1),
(1896, 1316, 13, 1),
(1897, 723, 13, 1),
(1898, 1317, 13, 1),
(1899, 1318, 13, 1),
(1900, 223, 13, 1),
(1901, 69, 13, 1),
(1902, 203, 13, 1),
(1903, 1319, 13, 1),
(1904, 1320, 13, 1),
(1905, 389, 13, 1),
(1906, 1321, 13, 1),
(1907, 572, 13, 1),
(1908, 1107, 13, 1),
(1909, 1322, 13, 1),
(1910, 930, 14, 2),
(1911, 1323, 14, 6),
(1912, 759, 14, 2),
(1913, 1324, 14, 7),
(1914, 104, 14, 2),
(1915, 940, 14, 2),
(1916, 1325, 14, 6),
(1917, 941, 14, 10),
(1918, 1326, 14, 5),
(1919, 836, 14, 5),
(1920, 466, 14, 3),
(1921, 732, 14, 3),
(1922, 8, 14, 1),
(1923, 1327, 14, 2),
(1924, 1328, 14, 2),
(1925, 1329, 14, 3),
(1926, 296, 14, 3),
(1927, 16, 14, 2),
(1928, 1330, 14, 1),
(1929, 1331, 14, 4),
(1930, 382, 14, 2),
(1931, 1332, 14, 1),
(1932, 1333, 14, 1),
(1933, 1334, 14, 1),
(1934, 1335, 14, 1),
(1935, 1336, 14, 1),
(1936, 1337, 14, 1),
(1937, 1338, 14, 1),
(1938, 1339, 14, 1),
(1939, 1340, 14, 1),
(1940, 1341, 14, 1),
(1941, 622, 14, 2),
(1942, 832, 14, 2),
(1943, 978, 14, 3),
(1944, 44, 14, 1),
(1945, 1342, 14, 1),
(1946, 1343, 14, 3),
(1947, 1344, 14, 2),
(1948, 1345, 14, 1),
(1949, 1346, 14, 3),
(1950, 1347, 14, 1),
(1951, 27, 14, 2),
(1952, 856, 14, 1),
(1953, 1348, 14, 1),
(1954, 24, 14, 4),
(1955, 492, 14, 4),
(1956, 1349, 14, 2),
(1957, 1350, 14, 1),
(1958, 564, 14, 2),
(1959, 162, 14, 3),
(1960, 46, 14, 1),
(1961, 45, 14, 4),
(1962, 1351, 14, 10),
(1963, 1123, 14, 2),
(1964, 1352, 14, 2),
(1965, 1353, 14, 1),
(1966, 571, 14, 1),
(1967, 513, 14, 1),
(1968, 1354, 14, 2),
(1969, 21, 14, 1),
(1970, 203, 14, 2),
(1971, 1355, 14, 3),
(1972, 26, 14, 4),
(1973, 1356, 14, 3),
(1974, 293, 14, 1),
(1975, 1357, 14, 1),
(1976, 459, 14, 1),
(1977, 73, 14, 1),
(1978, 112, 14, 2),
(1979, 757, 14, 1),
(1980, 383, 14, 1),
(1981, 1358, 14, 1),
(1982, 1359, 14, 1),
(1983, 17, 14, 1),
(1984, 1360, 14, 1),
(1985, 1361, 14, 1),
(1986, 1362, 14, 1),
(1987, 1363, 14, 1),
(1988, 161, 14, 1),
(1989, 1364, 14, 1),
(1990, 1365, 14, 4),
(1991, 1366, 14, 1),
(1992, 1367, 14, 1),
(1993, 575, 14, 1),
(1994, 1368, 14, 1),
(1995, 475, 14, 1),
(1996, 931, 14, 1),
(1997, 1369, 14, 1),
(1998, 920, 14, 1),
(1999, 151, 14, 1),
(2000, 1370, 14, 1),
(2001, 1371, 14, 1),
(2002, 332, 14, 2),
(2003, 1138, 14, 1),
(2004, 1372, 14, 1),
(2005, 1373, 14, 1),
(2006, 1374, 14, 1),
(2007, 1375, 14, 1),
(2008, 1376, 15, 1),
(2009, 1377, 15, 1),
(2010, 1184, 15, 5),
(2011, 1193, 15, 10),
(2012, 1186, 15, 13),
(2013, 1378, 15, 1),
(2014, 1379, 15, 2),
(2015, 606, 15, 43),
(2016, 864, 15, 1),
(2017, 7, 15, 2),
(2018, 8, 15, 1),
(2019, 1380, 15, 1),
(2020, 1381, 15, 1),
(2021, 1382, 15, 1),
(2022, 1383, 15, 1),
(2023, 1384, 15, 1),
(2024, 1385, 15, 1),
(2025, 1280, 15, 2),
(2026, 1281, 15, 2),
(2027, 550, 15, 2),
(2028, 1312, 15, 1),
(2029, 1386, 15, 1),
(2030, 1387, 15, 1),
(2031, 16, 15, 1),
(2032, 467, 15, 1),
(2033, 1388, 15, 1),
(2034, 1389, 15, 2),
(2035, 1201, 15, 1),
(2036, 1390, 15, 1),
(2037, 1391, 15, 1),
(2038, 1392, 15, 1),
(2039, 675, 15, 11),
(2040, 1393, 15, 2),
(2041, 578, 15, 1),
(2042, 354, 15, 1),
(2043, 528, 15, 1),
(2044, 1317, 15, 3),
(2045, 346, 15, 2),
(2046, 1394, 15, 1),
(2047, 1395, 15, 1),
(2048, 1396, 15, 1),
(2049, 631, 15, 1),
(2050, 512, 15, 17),
(2051, 1397, 15, 3),
(2052, 125, 15, 1),
(2053, 1196, 15, 1),
(2054, 63, 15, 6),
(2055, 1197, 15, 1),
(2056, 674, 15, 7),
(2057, 223, 15, 2),
(2058, 1398, 15, 2),
(2059, 1188, 15, 2),
(2060, 625, 15, 56),
(2061, 1241, 15, 8),
(2062, 1200, 15, 8),
(2063, 174, 15, 3),
(2064, 1309, 15, 1),
(2065, 857, 15, 1),
(2066, 1199, 15, 1),
(2067, 1313, 15, 1),
(2068, 1314, 15, 1),
(2069, 1315, 15, 1),
(2070, 1316, 15, 1),
(2071, 723, 15, 1),
(2072, 615, 15, 3),
(2073, 1318, 15, 1),
(2074, 1319, 15, 2),
(2075, 1320, 15, 1),
(2076, 845, 15, 2),
(2077, 231, 15, 2),
(2078, 436, 15, 4),
(2079, 1399, 15, 2),
(2080, 1287, 15, 1),
(2081, 1400, 15, 1),
(2082, 1401, 15, 1),
(2083, 1402, 15, 1),
(2084, 389, 15, 3),
(2085, 684, 15, 1),
(2086, 1264, 15, 2),
(2087, 388, 15, 2),
(2088, 1190, 15, 5),
(2089, 1123, 15, 5),
(2090, 624, 15, 2),
(2091, 1089, 15, 1),
(2092, 1403, 15, 1),
(2093, 739, 15, 1),
(2094, 707, 15, 1),
(2095, 1404, 15, 2),
(2096, 1405, 15, 1),
(2097, 1406, 15, 4),
(2098, 810, 15, 10),
(2099, 1407, 15, 1),
(2100, 1187, 15, 1),
(2101, 331, 15, 5),
(2102, 1408, 15, 1),
(2103, 1409, 15, 3),
(2104, 1410, 15, 1),
(2105, 1411, 15, 1),
(2106, 711, 15, 1),
(2107, 1412, 15, 2),
(2108, 24, 15, 3),
(2109, 21, 15, 2),
(2110, 508, 15, 5),
(2111, 837, 15, 5),
(2112, 197, 15, 1),
(2113, 307, 15, 1),
(2114, 1047, 15, 1),
(2115, 1413, 15, 1),
(2116, 887, 15, 1),
(2117, 1414, 15, 2),
(2118, 513, 15, 3),
(2119, 1415, 15, 1),
(2120, 890, 15, 2),
(2121, 1416, 15, 2),
(2122, 685, 15, 1),
(2123, 1417, 15, 1),
(2124, 430, 15, 3),
(2125, 1418, 15, 1),
(2126, 1272, 15, 2),
(2127, 1419, 15, 2),
(2128, 1420, 15, 1),
(2129, 1421, 15, 1),
(2130, 1422, 15, 1),
(2131, 1423, 15, 2),
(2132, 1424, 15, 1),
(2133, 1368, 15, 1),
(2134, 1425, 15, 1),
(2135, 1426, 15, 1),
(2136, 73, 15, 1),
(2137, 1427, 15, 1),
(2138, 1428, 15, 2),
(2139, 1429, 15, 1),
(2140, 19, 15, 3),
(2141, 1430, 15, 2),
(2142, 36, 15, 1),
(2143, 1431, 15, 5),
(2144, 1432, 15, 7),
(2145, 154, 15, 6),
(2146, 1340, 15, 6),
(2147, 580, 15, 6),
(2148, 1433, 15, 4),
(2149, 1338, 15, 2),
(2150, 1084, 15, 2),
(2151, 77, 15, 3),
(2152, 1085, 15, 3),
(2153, 811, 15, 1),
(2154, 933, 15, 4),
(2155, 470, 15, 1),
(2156, 608, 15, 5),
(2157, 1434, 15, 10),
(2158, 22, 15, 2),
(2159, 759, 15, 1),
(2160, 322, 15, 6),
(2161, 1435, 15, 1),
(2162, 573, 15, 1),
(2163, 931, 15, 1),
(2164, 126, 15, 1),
(2165, 1044, 15, 4),
(2166, 1436, 15, 3),
(2167, 1437, 15, 3),
(2168, 82, 15, 1),
(2169, 574, 15, 1),
(2170, 1438, 15, 1),
(2171, 551, 15, 3),
(2172, 66, 15, 1),
(2173, 1439, 15, 1),
(2174, 1139, 15, 2),
(2175, 1440, 15, 2),
(2176, 1441, 15, 3),
(2177, 27, 15, 2),
(2178, 1442, 15, 2),
(2179, 836, 15, 1),
(2180, 616, 15, 1),
(2181, 1443, 15, 1),
(2182, 1444, 15, 1),
(2183, 1445, 15, 1),
(2184, 1446, 15, 3),
(2185, 457, 15, 4),
(2186, 1174, 15, 3),
(2187, 582, 15, 2),
(2188, 107, 15, 1),
(2189, 1447, 15, 1),
(2190, 461, 15, 5),
(2191, 1448, 15, 2),
(2192, 1449, 15, 1),
(2193, 1450, 15, 1),
(2194, 242, 15, 1),
(2195, 1451, 15, 1),
(2196, 1452, 15, 1),
(2197, 1095, 15, 1),
(2198, 1453, 15, 1),
(2199, 1454, 15, 1),
(2200, 381, 15, 5),
(2201, 72, 15, 4),
(2202, 1455, 15, 1),
(2203, 1456, 15, 1),
(2204, 368, 15, 1),
(2205, 1457, 15, 3),
(2206, 225, 15, 2),
(2207, 362, 15, 1),
(2208, 1458, 15, 1),
(2209, 151, 15, 2),
(2210, 1459, 15, 4),
(2211, 870, 15, 2),
(2212, 155, 15, 3),
(2213, 826, 15, 2),
(2214, 1460, 15, 1),
(2215, 1461, 15, 1),
(2216, 583, 15, 1),
(2217, 1462, 15, 2),
(2218, 1463, 15, 1),
(2219, 770, 15, 1),
(2220, 1367, 15, 1),
(2221, 666, 15, 1),
(2222, 1266, 15, 3),
(2223, 1464, 15, 1),
(2224, 1465, 15, 1),
(2225, 1466, 15, 1),
(2226, 1467, 15, 1),
(2227, 1468, 15, 1),
(2228, 1469, 15, 1),
(2229, 1470, 15, 1),
(2230, 867, 15, 1),
(2231, 1, 15, 1),
(2232, 1471, 15, 1),
(2233, 929, 15, 1),
(2234, 1472, 15, 1),
(2235, 357, 15, 1),
(2236, 1473, 15, 1),
(2237, 262, 15, 1),
(2238, 309, 15, 1),
(2239, 1474, 15, 2),
(2240, 1234, 15, 1),
(2241, 809, 15, 1),
(2242, 459, 15, 1),
(2243, 332, 15, 1),
(2244, 216, 15, 1),
(2245, 1475, 15, 1),
(2246, 726, 15, 1),
(2247, 358, 15, 1),
(2248, 1286, 15, 1),
(2249, 112, 15, 1),
(2250, 1476, 15, 1),
(2251, 1477, 15, 1),
(2252, 1478, 15, 1),
(2253, 886, 15, 1),
(2254, 1479, 15, 2),
(2255, 1480, 15, 1),
(2256, 166, 15, 1),
(2257, 1216, 15, 1),
(2258, 1481, 15, 4),
(2259, 630, 15, 10),
(2260, 1482, 15, 1),
(2261, 1483, 15, 4),
(2262, 1484, 15, 3),
(2263, 466, 15, 1),
(2264, 1485, 15, 1),
(2265, 382, 15, 1),
(2266, 1486, 15, 1),
(2267, 1487, 15, 1),
(2268, 1019, 15, 2),
(2269, 1488, 15, 2),
(2270, 1489, 15, 1),
(2271, 1490, 15, 1),
(2272, 1491, 15, 1),
(2273, 962, 15, 1),
(2274, 1492, 15, 3),
(2275, 1493, 15, 1),
(2276, 1494, 15, 1),
(2277, 1495, 15, 1),
(2278, 1496, 15, 1),
(2279, 1497, 15, 1),
(2280, 1498, 15, 1),
(2281, 1499, 15, 1),
(2282, 1175, 15, 1),
(2283, 1500, 15, 1),
(2284, 747, 15, 1),
(2285, 1501, 15, 1),
(2286, 153, 15, 1),
(2287, 1502, 15, 1),
(2288, 732, 15, 1),
(2289, 1503, 15, 1),
(2290, 290, 15, 1),
(2291, 1341, 15, 1),
(2292, 1504, 15, 1),
(2293, 276, 15, 1),
(2294, 267, 15, 3),
(2295, 1505, 15, 1),
(2296, 1506, 15, 2),
(2297, 1507, 15, 1),
(2298, 858, 15, 1),
(2299, 1508, 15, 1),
(2300, 1509, 15, 1),
(2301, 1510, 15, 1),
(2302, 844, 15, 1),
(2303, 474, 15, 1),
(2304, 646, 15, 1),
(2305, 1511, 15, 2),
(2306, 1512, 15, 1),
(2307, 17, 15, 2),
(2308, 802, 15, 1),
(2309, 1513, 15, 2),
(2310, 320, 15, 1),
(2311, 1514, 15, 2),
(2312, 1515, 15, 1),
(2313, 1516, 15, 2),
(2314, 1517, 15, 2),
(2315, 1518, 15, 2),
(2316, 655, 15, 2),
(2317, 203, 15, 1),
(2318, 1519, 15, 1),
(2319, 1520, 15, 1),
(2320, 1521, 15, 1),
(2321, 1522, 15, 1),
(2322, 1523, 15, 1),
(2323, 418, 15, 1),
(2324, 1524, 15, 1),
(2325, 211, 15, 1),
(2326, 423, 15, 1),
(2327, 1525, 16, 2),
(2328, 70, 16, 2),
(2329, 164, 16, 5),
(2330, 584, 16, 4),
(2331, 384, 16, 18),
(2332, 1093, 16, 3),
(2333, 534, 16, 5),
(2334, 313, 16, 3),
(2335, 7, 16, 2),
(2336, 8, 16, 1),
(2337, 1468, 16, 1),
(2338, 1496, 16, 1),
(2339, 375, 16, 6),
(2340, 1526, 16, 1),
(2341, 1527, 16, 1),
(2342, 1528, 16, 1),
(2343, 784, 16, 1),
(2344, 1529, 16, 1),
(2345, 1530, 16, 1),
(2346, 1531, 16, 1),
(2347, 1532, 16, 1),
(2348, 16, 16, 1),
(2349, 1170, 16, 3),
(2350, 56, 16, 3),
(2351, 312, 16, 7),
(2352, 307, 16, 3),
(2353, 322, 16, 8),
(2354, 358, 16, 3),
(2355, 378, 16, 1),
(2356, 1533, 16, 2),
(2357, 906, 16, 1),
(2358, 44, 16, 2),
(2359, 1534, 16, 1),
(2360, 22, 16, 1),
(2361, 1535, 16, 1),
(2362, 1536, 16, 2),
(2363, 1537, 16, 1),
(2364, 339, 16, 2),
(2365, 1538, 16, 1),
(2366, 1539, 16, 1),
(2367, 2, 16, 4),
(2368, 1540, 16, 1),
(2369, 1541, 16, 1),
(2370, 1542, 16, 6),
(2371, 1543, 16, 1),
(2372, 474, 16, 1),
(2373, 27, 16, 1),
(2374, 1544, 16, 1),
(2375, 489, 16, 1),
(2376, 24, 16, 11),
(2377, 85, 16, 2),
(2378, 769, 16, 3),
(2379, 819, 16, 2),
(2380, 772, 16, 1),
(2381, 1545, 16, 1),
(2382, 1546, 16, 1),
(2383, 1547, 16, 1),
(2384, 1548, 16, 1),
(2385, 21, 16, 1),
(2386, 1549, 16, 1),
(2387, 430, 16, 4),
(2388, 1550, 16, 1),
(2389, 392, 16, 1),
(2390, 793, 16, 1),
(2391, 83, 16, 1),
(2392, 1551, 16, 1),
(2393, 245, 16, 1),
(2394, 1552, 16, 2),
(2395, 1553, 16, 1),
(2396, 1554, 16, 1),
(2397, 1555, 16, 2),
(2398, 1556, 16, 3),
(2399, 1313, 16, 1),
(2400, 1557, 16, 1),
(2401, 1558, 16, 1),
(2402, 368, 16, 1),
(2403, 615, 16, 4),
(2404, 837, 16, 2),
(2405, 1047, 16, 1),
(2406, 747, 16, 2),
(2407, 1559, 16, 3),
(2408, 1044, 16, 1),
(2409, 870, 16, 5),
(2410, 960, 16, 1),
(2411, 34, 16, 1),
(2412, 1560, 16, 2),
(2413, 36, 16, 1),
(2414, 1561, 16, 1),
(2415, 1562, 16, 1),
(2416, 1563, 16, 1),
(2417, 1564, 16, 1),
(2418, 1565, 16, 1),
(2419, 1566, 16, 1),
(2420, 1567, 16, 1),
(2421, 174, 16, 1),
(2422, 1568, 16, 1),
(2423, 1569, 16, 1),
(2424, 1433, 16, 1),
(2425, 884, 16, 1),
(2426, 1254, 16, 1),
(2427, 1570, 16, 1),
(2428, 419, 16, 1),
(2429, 1465, 16, 1),
(2430, 61, 16, 1),
(2431, 805, 16, 2),
(2432, 124, 16, 1),
(2433, 1571, 16, 1),
(2434, 1572, 16, 1),
(2435, 381, 16, 3),
(2436, 1573, 16, 1),
(2437, 1574, 16, 1),
(2438, 1575, 16, 1),
(2439, 1576, 16, 1),
(2440, 582, 16, 2),
(2441, 774, 16, 2),
(2442, 1107, 16, 1),
(2443, 759, 16, 1),
(2444, 161, 16, 1),
(2445, 391, 16, 1),
(2446, 211, 16, 1),
(2447, 901, 16, 1),
(2448, 553, 16, 1),
(2449, 156, 16, 1),
(2450, 262, 16, 3),
(2451, 91, 16, 2),
(2452, 380, 16, 3),
(2453, 6, 16, 1),
(2454, 383, 16, 2),
(2455, 629, 16, 2),
(2456, 1577, 16, 1),
(2457, 385, 16, 3),
(2458, 154, 16, 3),
(2459, 377, 16, 2),
(2460, 386, 16, 2),
(2461, 77, 16, 1),
(2462, 311, 16, 1),
(2463, 1578, 16, 1),
(2464, 804, 16, 1),
(2465, 1322, 16, 1),
(2466, 1579, 17, 2),
(2467, 1580, 17, 2),
(2468, 26, 17, 12),
(2469, 1581, 17, 18),
(2470, 1582, 17, 8),
(2471, 391, 17, 5),
(2472, 1264, 17, 3),
(2473, 1583, 17, 11),
(2474, 1584, 17, 11),
(2475, 1585, 17, 3),
(2476, 864, 17, 2),
(2477, 7, 17, 1),
(2478, 8, 17, 1),
(2479, 1469, 17, 1),
(2480, 1586, 17, 1),
(2481, 590, 17, 1),
(2482, 1587, 17, 1),
(2483, 858, 17, 1),
(2484, 1588, 17, 4),
(2485, 926, 17, 4),
(2486, 1589, 17, 2),
(2487, 1590, 17, 1),
(2488, 939, 17, 1),
(2489, 16, 17, 5),
(2490, 1039, 17, 3),
(2491, 36, 17, 1),
(2492, 1591, 17, 1),
(2493, 1592, 17, 1),
(2494, 1593, 17, 1),
(2495, 1594, 17, 1),
(2496, 798, 17, 1),
(2497, 112, 17, 1),
(2498, 1595, 17, 2),
(2499, 427, 17, 1),
(2500, 1141, 17, 2),
(2501, 331, 17, 1),
(2502, 1510, 17, 1),
(2503, 667, 17, 1),
(2504, 322, 17, 1),
(2505, 1596, 17, 1),
(2506, 1024, 17, 1),
(2507, 979, 17, 3),
(2508, 1597, 17, 4),
(2509, 1598, 17, 4),
(2510, 1599, 17, 3),
(2511, 573, 17, 1),
(2512, 389, 17, 2),
(2513, 970, 17, 3),
(2514, 1600, 17, 1),
(2515, 1601, 17, 1),
(2516, 1602, 17, 1),
(2517, 28, 17, 2),
(2518, 827, 17, 2),
(2519, 1095, 17, 1),
(2520, 1603, 17, 1),
(2521, 271, 17, 1),
(2522, 1604, 17, 1),
(2523, 928, 17, 3),
(2524, 623, 17, 6),
(2525, 752, 17, 5),
(2526, 1605, 17, 2),
(2527, 1369, 17, 1),
(2528, 1606, 17, 2),
(2529, 1607, 17, 2),
(2530, 1608, 17, 2),
(2531, 1609, 17, 2),
(2532, 1610, 17, 2),
(2533, 474, 17, 2),
(2534, 303, 17, 1),
(2535, 311, 17, 3),
(2536, 1611, 17, 1),
(2537, 908, 17, 1),
(2538, 1612, 17, 1),
(2539, 203, 17, 1),
(2540, 1613, 17, 1),
(2541, 1614, 17, 1),
(2542, 1615, 17, 1),
(2543, 1616, 17, 6),
(2544, 1315, 17, 1),
(2545, 1617, 17, 1),
(2546, 1006, 17, 1),
(2547, 931, 17, 1),
(2548, 1139, 17, 1),
(2549, 1618, 17, 1),
(2550, 1619, 17, 1),
(2551, 1620, 17, 2),
(2552, 1621, 17, 3),
(2553, 44, 17, 1),
(2554, 1404, 17, 1),
(2555, 1622, 17, 2),
(2556, 1623, 17, 2),
(2557, 1624, 17, 2),
(2558, 956, 17, 2),
(2559, 594, 17, 1),
(2560, 973, 17, 1),
(2561, 1625, 17, 1),
(2562, 872, 17, 1),
(2563, 733, 17, 2),
(2564, 578, 17, 2),
(2565, 1266, 17, 1),
(2566, 329, 17, 2),
(2567, 1626, 17, 1),
(2568, 1627, 17, 1),
(2569, 396, 17, 1),
(2570, 1628, 17, 1),
(2571, 1629, 17, 2),
(2572, 382, 17, 1),
(2573, 340, 17, 1),
(2574, 933, 17, 1),
(2575, 232, 17, 1),
(2576, 1630, 17, 1),
(2577, 1631, 17, 1),
(2578, 891, 17, 1),
(2579, 1632, 17, 1),
(2580, 1633, 17, 1),
(2581, 1634, 17, 2),
(2582, 1635, 17, 1),
(2583, 1636, 17, 1),
(2584, 760, 17, 2),
(2585, 1637, 17, 1),
(2586, 508, 17, 1),
(2587, 1638, 17, 1),
(2588, 1639, 17, 2),
(2589, 1640, 17, 2),
(2590, 1641, 17, 1),
(2591, 1642, 17, 1),
(2592, 1643, 17, 1),
(2593, 289, 17, 3),
(2594, 1644, 17, 3),
(2595, 374, 17, 1),
(2596, 1645, 17, 1),
(2597, 579, 17, 1),
(2598, 1355, 17, 1),
(2599, 1646, 17, 1),
(2600, 664, 17, 1),
(2601, 985, 17, 1),
(2602, 1647, 17, 1),
(2603, 1648, 17, 1),
(2604, 1649, 17, 1),
(2605, 1046, 17, 1),
(2606, 1650, 17, 1),
(2607, 1651, 18, 2),
(2608, 774, 18, 3),
(2609, 460, 18, 11),
(2610, 1048, 18, 4),
(2611, 1652, 18, 7),
(2612, 1653, 18, 4),
(2613, 753, 18, 4),
(2614, 485, 18, 3),
(2615, 864, 18, 2),
(2616, 1654, 18, 1),
(2617, 8, 18, 1),
(2618, 1655, 18, 1),
(2619, 1656, 18, 1),
(2620, 1006, 18, 1),
(2621, 16, 18, 2),
(2622, 544, 18, 1),
(2623, 471, 18, 5),
(2624, 1154, 18, 1),
(2625, 77, 18, 2),
(2626, 1158, 18, 2),
(2627, 1047, 18, 1),
(2628, 433, 18, 1),
(2629, 312, 18, 1),
(2630, 1657, 18, 1),
(2631, 551, 18, 5),
(2632, 1465, 18, 1),
(2633, 1658, 18, 1),
(2634, 1659, 18, 3),
(2635, 1660, 18, 1),
(2636, 1661, 18, 1),
(2637, 1662, 18, 3),
(2638, 422, 18, 1),
(2639, 1663, 18, 1),
(2640, 742, 18, 1),
(2641, 1664, 18, 1),
(2642, 1214, 18, 1),
(2643, 1665, 18, 1),
(2644, 1666, 18, 2),
(2645, 1667, 18, 1),
(2646, 1668, 18, 1),
(2647, 19, 18, 2),
(2648, 549, 18, 1),
(2649, 1044, 18, 1),
(2650, 1669, 18, 1),
(2651, 1670, 18, 1),
(2652, 1671, 18, 1),
(2653, 262, 18, 1),
(2654, 361, 18, 2),
(2655, 1672, 18, 1),
(2656, 3, 18, 1),
(2657, 20, 18, 1),
(2658, 1673, 18, 1),
(2659, 1674, 18, 1),
(2660, 1675, 18, 1),
(2661, 1676, 18, 1),
(2662, 1677, 18, 1),
(2663, 1678, 18, 1),
(2664, 1679, 18, 1),
(2665, 856, 18, 1),
(2666, 267, 18, 1),
(2667, 1680, 18, 1),
(2668, 22, 18, 1),
(2669, 1681, 18, 1),
(2670, 1682, 18, 1),
(2671, 322, 18, 1),
(2672, 1683, 18, 1),
(2673, 1303, 18, 1),
(2674, 1684, 18, 1),
(2675, 1685, 18, 1),
(2676, 268, 18, 1),
(2677, 1686, 18, 1),
(2678, 1197, 18, 1),
(2679, 493, 18, 1),
(2680, 834, 18, 1),
(2681, 1687, 18, 1),
(2682, 1688, 18, 1),
(2683, 1689, 18, 1),
(2684, 1690, 18, 1),
(2685, 833, 18, 1),
(2686, 378, 18, 1),
(2687, 1691, 18, 1),
(2688, 858, 18, 1),
(2689, 1692, 18, 1),
(2690, 1372, 18, 1),
(2691, 358, 18, 1),
(2692, 389, 18, 1),
(2693, 1693, 18, 1),
(2694, 253, 18, 1),
(2695, 908, 18, 1),
(2696, 583, 18, 1),
(2697, 147, 18, 1),
(2698, 365, 18, 1),
(2699, 366, 18, 3),
(2700, 2, 18, 3),
(2701, 355, 18, 1),
(2702, 387, 18, 1),
(2703, 1694, 18, 1),
(2704, 537, 18, 1),
(2705, 1695, 18, 1),
(2706, 63, 18, 1),
(2707, 1696, 18, 1),
(2708, 307, 18, 1),
(2709, 586, 18, 1),
(2710, 1697, 19, 4),
(2711, 322, 19, 6),
(2712, 1698, 19, 4),
(2713, 1699, 19, 13),
(2714, 460, 19, 7),
(2715, 1653, 19, 5),
(2716, 493, 19, 6),
(2717, 469, 19, 6),
(2718, 154, 19, 5),
(2719, 466, 19, 1),
(2720, 144, 19, 4),
(2721, 8, 19, 1),
(2722, 1700, 19, 1),
(2723, 1701, 19, 1),
(2724, 1702, 19, 1),
(2725, 16, 19, 3),
(2726, 446, 19, 1),
(2727, 1703, 19, 2),
(2728, 1704, 19, 2),
(2729, 774, 19, 6),
(2730, 312, 19, 2),
(2731, 739, 19, 3),
(2732, 36, 19, 2),
(2733, 1705, 19, 1),
(2734, 307, 19, 2),
(2735, 1706, 19, 6),
(2736, 17, 19, 2),
(2737, 1305, 19, 1),
(2738, 49, 19, 1),
(2739, 781, 19, 1),
(2740, 1684, 19, 1),
(2741, 571, 19, 1),
(2742, 1707, 19, 2),
(2743, 684, 19, 2),
(2744, 1708, 19, 1),
(2745, 1709, 19, 1),
(2746, 1710, 19, 1),
(2747, 561, 19, 2),
(2748, 1197, 19, 4),
(2749, 260, 19, 1),
(2750, 1669, 19, 1),
(2751, 1711, 19, 3),
(2752, 436, 19, 2),
(2753, 686, 19, 2),
(2754, 581, 19, 1),
(2755, 473, 19, 3),
(2756, 1712, 19, 1),
(2757, 547, 19, 1),
(2758, 1713, 19, 1),
(2759, 1714, 19, 1),
(2760, 356, 19, 2),
(2761, 491, 19, 1),
(2762, 474, 19, 1),
(2763, 1715, 19, 1),
(2764, 1716, 19, 1),
(2765, 1717, 19, 1),
(2766, 1530, 19, 1),
(2767, 1718, 19, 1),
(2768, 1719, 19, 1),
(2769, 1720, 19, 1),
(2770, 1721, 19, 1),
(2771, 1722, 19, 1),
(2772, 1723, 19, 1),
(2773, 1724, 19, 2),
(2774, 430, 19, 2),
(2775, 1725, 19, 1),
(2776, 471, 19, 1),
(2777, 1726, 19, 1),
(2778, 1510, 19, 2),
(2779, 1727, 19, 2),
(2780, 1048, 19, 4),
(2781, 19, 19, 1),
(2782, 1728, 19, 1),
(2783, 147, 19, 1),
(2784, 1309, 19, 1),
(2785, 69, 19, 1),
(2786, 362, 19, 1),
(2787, 1729, 19, 1),
(2788, 1730, 19, 1),
(2789, 1731, 19, 1),
(2790, 1303, 19, 1),
(2791, 355, 19, 2),
(2792, 366, 19, 1),
(2793, 1732, 19, 1),
(2794, 1733, 19, 2),
(2795, 1734, 19, 1),
(2796, 499, 19, 1),
(2797, 1735, 19, 1),
(2798, 387, 19, 1),
(2799, 389, 19, 2),
(2800, 1736, 19, 1),
(2801, 702, 19, 1),
(2802, 1737, 19, 1),
(2803, 254, 19, 1),
(2804, 100, 19, 1),
(2805, 1738, 19, 1),
(2806, 1355, 19, 1),
(2807, 1739, 19, 1),
(2808, 1740, 19, 1),
(2809, 1741, 19, 1),
(2810, 439, 19, 1),
(2811, 1742, 19, 1),
(2812, 1743, 19, 1),
(2813, 1744, 19, 1),
(2814, 757, 19, 1),
(2815, 91, 19, 1),
(2816, 332, 19, 1),
(2817, 1745, 19, 1),
(2818, 1746, 19, 1),
(2819, 551, 19, 1),
(2820, 1747, 19, 5),
(2821, 753, 19, 2),
(2822, 1748, 19, 2),
(2823, 580, 19, 3),
(2824, 1749, 19, 1),
(2825, 1044, 19, 1),
(2826, 1750, 19, 1),
(2827, 368, 19, 1),
(2828, 1751, 19, 1),
(2829, 1752, 19, 1),
(2830, 1753, 19, 1),
(2831, 1754, 19, 1),
(2832, 1755, 19, 1),
(2833, 1756, 19, 1),
(2834, 1757, 19, 1),
(2835, 1758, 19, 1),
(2836, 1759, 19, 1),
(2837, 1760, 19, 1),
(2838, 939, 19, 1),
(2839, 1761, 19, 1),
(2840, 117, 19, 1),
(2841, 1762, 19, 1),
(2842, 1238, 19, 1),
(2843, 358, 19, 2),
(2844, 1763, 19, 1),
(2845, 176, 19, 1),
(2846, 2, 19, 1),
(2847, 1764, 19, 1),
(2848, 1765, 19, 1),
(2849, 381, 19, 1),
(2850, 1766, 19, 1),
(2851, 1767, 19, 1),
(2852, 553, 19, 1),
(2853, 789, 19, 1),
(2854, 1277, 19, 1),
(2855, 357, 19, 1),
(2856, 235, 19, 1),
(2857, 1768, 19, 1),
(2858, 1769, 19, 1),
(2859, 1770, 19, 1),
(2860, 660, 19, 1),
(2861, 1664, 19, 1),
(2862, 534, 19, 1),
(2863, 1771, 19, 1),
(2864, 1772, 19, 1),
(2865, 1773, 19, 1),
(2866, 913, 19, 2),
(2867, 1774, 19, 1),
(2868, 1158, 19, 1),
(2869, 1427, 19, 1),
(2870, 476, 19, 1),
(2871, 1775, 19, 1),
(2872, 354, 19, 1),
(2873, 1776, 19, 1),
(2874, 1214, 19, 1);
INSERT INTO `indexing` (`id`, `kata_id`, `dokumen_id`, `t_frequency`) VALUES
(2875, 1777, 19, 1),
(2876, 1778, 19, 1),
(2877, 1779, 19, 1),
(2878, 1152, 19, 1),
(2879, 1780, 19, 1),
(2880, 1781, 19, 1),
(2881, 1782, 19, 1),
(2882, 1783, 19, 1),
(2883, 689, 20, 4),
(2884, 716, 20, 12),
(2885, 1368, 20, 4),
(2886, 587, 20, 12),
(2887, 313, 20, 1),
(2888, 7, 20, 1),
(2889, 8, 20, 1),
(2890, 468, 20, 1),
(2891, 715, 20, 4),
(2892, 1784, 20, 1),
(2893, 175, 20, 1),
(2894, 1785, 20, 2),
(2895, 1756, 20, 1),
(2896, 1786, 20, 1),
(2897, 1787, 20, 1),
(2898, 1788, 20, 1),
(2899, 1789, 20, 1),
(2900, 16, 20, 1),
(2901, 599, 20, 11),
(2902, 627, 20, 4),
(2903, 646, 20, 2),
(2904, 637, 20, 2),
(2905, 628, 20, 6),
(2906, 630, 20, 8),
(2907, 631, 20, 8),
(2908, 381, 20, 1),
(2909, 708, 20, 2),
(2910, 399, 20, 2),
(2911, 1790, 20, 2),
(2912, 582, 20, 3),
(2913, 602, 20, 1),
(2914, 603, 20, 1),
(2915, 604, 20, 1),
(2916, 645, 20, 2),
(2917, 1791, 20, 1),
(2918, 676, 20, 1),
(2919, 1792, 20, 1),
(2920, 1793, 20, 3),
(2921, 1644, 20, 2),
(2922, 623, 20, 3),
(2923, 624, 20, 3),
(2924, 134, 20, 1),
(2925, 322, 20, 5),
(2926, 797, 20, 2),
(2927, 1794, 20, 1),
(2928, 1439, 20, 1),
(2929, 1547, 20, 1),
(2930, 1795, 20, 1),
(2931, 1796, 20, 1),
(2932, 377, 20, 1),
(2933, 1107, 20, 1),
(2934, 679, 20, 1),
(2935, 1327, 20, 1),
(2936, 1797, 20, 1),
(2937, 667, 20, 3),
(2938, 680, 20, 1),
(2939, 669, 20, 2),
(2940, 1798, 20, 2),
(2941, 1799, 20, 2),
(2942, 1800, 20, 1),
(2943, 1801, 20, 1),
(2944, 1802, 20, 1),
(2945, 1803, 20, 1),
(2946, 1804, 20, 1),
(2947, 768, 20, 2),
(2948, 474, 20, 1),
(2949, 1805, 20, 1),
(2950, 606, 20, 2),
(2951, 1806, 20, 1),
(2952, 331, 20, 1),
(2953, 609, 20, 4),
(2954, 1807, 20, 1),
(2955, 612, 20, 3),
(2956, 1808, 20, 1),
(2957, 307, 20, 1),
(2958, 629, 20, 3),
(2959, 1809, 20, 1),
(2960, 617, 20, 1),
(2961, 618, 20, 1),
(2962, 619, 20, 1),
(2963, 620, 20, 1),
(2964, 621, 20, 1),
(2965, 622, 20, 1),
(2966, 47, 20, 2),
(2967, 1069, 20, 1),
(2968, 292, 20, 2),
(2969, 1810, 20, 1),
(2970, 1811, 20, 1),
(2971, 1812, 20, 1),
(2972, 709, 20, 1),
(2973, 308, 20, 2),
(2974, 792, 20, 1),
(2975, 1813, 20, 1),
(2976, 588, 20, 5),
(2977, 330, 20, 1),
(2978, 1814, 20, 1),
(2979, 1815, 20, 1),
(2980, 290, 20, 1),
(2981, 1816, 20, 2),
(2982, 1817, 20, 1),
(2983, 332, 20, 1),
(2984, 1818, 20, 1),
(2985, 1819, 20, 1),
(2986, 1820, 20, 1),
(2987, 254, 20, 1),
(2988, 1821, 20, 1),
(2989, 739, 20, 3),
(2990, 1822, 20, 4),
(2991, 1823, 20, 1),
(2992, 625, 20, 2),
(2993, 1824, 20, 1),
(2994, 1825, 20, 1),
(2995, 1826, 20, 1),
(2996, 112, 20, 1),
(2997, 22, 20, 5),
(2998, 1827, 20, 1),
(2999, 1828, 20, 1),
(3000, 1184, 20, 2),
(3001, 551, 20, 2),
(3002, 1829, 20, 2),
(3003, 1830, 20, 1),
(3004, 1831, 20, 3),
(3005, 1832, 20, 1),
(3006, 1833, 20, 1),
(3007, 1834, 20, 1),
(3008, 1835, 20, 1),
(3009, 1836, 20, 1),
(3010, 1837, 20, 1),
(3011, 1838, 20, 1),
(3012, 1839, 20, 1),
(3013, 263, 20, 1),
(3014, 1840, 20, 1),
(3015, 406, 20, 1),
(3016, 1137, 20, 1),
(3017, 430, 20, 1),
(3018, 710, 20, 1),
(3019, 827, 20, 2),
(3020, 417, 20, 2),
(3021, 129, 20, 1),
(3022, 528, 20, 4),
(3023, 870, 20, 1),
(3024, 600, 20, 1),
(3025, 601, 20, 1),
(3026, 1841, 20, 2),
(3027, 1842, 20, 1),
(3028, 1843, 20, 1),
(3029, 1844, 20, 1),
(3030, 1369, 20, 1),
(3031, 714, 20, 1),
(3032, 1845, 20, 1),
(3033, 17, 20, 1),
(3034, 1846, 20, 2),
(3035, 334, 20, 2),
(3036, 1847, 20, 2),
(3037, 1848, 20, 1),
(3038, 1849, 20, 1),
(3039, 960, 20, 2),
(3040, 934, 20, 1),
(3041, 451, 20, 1),
(3042, 1850, 20, 2),
(3043, 46, 20, 1),
(3044, 415, 20, 1),
(3045, 1851, 20, 1),
(3046, 659, 20, 1),
(3047, 412, 20, 1),
(3048, 647, 20, 1),
(3049, 809, 20, 1),
(3050, 722, 20, 2),
(3051, 723, 20, 1),
(3052, 1852, 20, 1),
(3053, 1397, 20, 4),
(3054, 534, 20, 1),
(3055, 1853, 20, 1),
(3056, 1854, 20, 1),
(3057, 1855, 20, 1),
(3058, 311, 20, 1),
(3059, 1856, 20, 1),
(3060, 688, 20, 1),
(3061, 1857, 20, 1),
(3062, 595, 20, 1),
(3063, 642, 20, 1),
(3064, 1858, 20, 1),
(3065, 1859, 20, 1),
(3066, 1499, 20, 1),
(3067, 1277, 20, 1),
(3068, 24, 20, 2),
(3069, 699, 20, 3),
(3070, 218, 20, 1),
(3071, 1860, 20, 1),
(3072, 1861, 20, 1),
(3073, 1416, 20, 1),
(3074, 1862, 20, 1),
(3075, 1447, 20, 1),
(3076, 707, 20, 1),
(3077, 301, 20, 1),
(3078, 1863, 20, 1),
(3079, 681, 20, 1),
(3080, 1864, 20, 1),
(3081, 1865, 20, 1),
(3082, 1266, 20, 1),
(3083, 682, 20, 1),
(3084, 685, 20, 1),
(3085, 1866, 20, 1),
(3086, 978, 20, 1),
(3087, 589, 20, 1),
(3088, 1867, 20, 1),
(3089, 1046, 20, 1),
(3090, 545, 20, 1),
(3091, 1510, 20, 1),
(3092, 467, 20, 1),
(3093, 856, 20, 1),
(3094, 1526, 20, 1),
(3095, 910, 20, 1),
(3096, 1868, 20, 1),
(3097, 1351, 20, 1),
(3098, 1869, 20, 1),
(3099, 751, 20, 1),
(3100, 1332, 21, 18),
(3101, 1870, 21, 12),
(3102, 1871, 21, 17),
(3103, 1767, 21, 2),
(3104, 26, 21, 25),
(3105, 825, 21, 2),
(3106, 1872, 21, 5),
(3107, 313, 21, 1),
(3108, 7, 21, 1),
(3109, 8, 21, 1),
(3110, 1700, 21, 1),
(3111, 1701, 21, 1),
(3112, 1702, 21, 1),
(3113, 16, 21, 6),
(3114, 1873, 21, 5),
(3115, 1874, 21, 5),
(3116, 1875, 21, 6),
(3117, 1876, 21, 3),
(3118, 1877, 21, 1),
(3119, 1878, 21, 1),
(3120, 1879, 21, 1),
(3121, 1880, 21, 1),
(3122, 1881, 21, 1),
(3123, 1882, 21, 1),
(3124, 1883, 21, 1),
(3125, 1884, 21, 1),
(3126, 1885, 21, 1),
(3127, 1886, 21, 1),
(3128, 1887, 21, 1),
(3129, 1888, 21, 1),
(3130, 1889, 21, 4),
(3131, 1890, 21, 2),
(3132, 1891, 21, 2),
(3133, 1892, 21, 2),
(3134, 1893, 21, 1),
(3135, 1034, 21, 2),
(3136, 1894, 21, 1),
(3137, 1895, 21, 1),
(3138, 956, 21, 1),
(3139, 1896, 21, 1),
(3140, 34, 21, 1),
(3141, 24, 21, 2),
(3142, 1897, 21, 3),
(3143, 1031, 21, 19),
(3144, 1898, 21, 6),
(3145, 1899, 21, 1),
(3146, 334, 21, 2),
(3147, 969, 21, 2),
(3148, 934, 21, 2),
(3149, 1900, 21, 2),
(3150, 1729, 21, 2),
(3151, 89, 21, 1),
(3152, 1901, 21, 1),
(3153, 645, 21, 3),
(3154, 225, 21, 1),
(3155, 1123, 21, 1),
(3156, 1083, 21, 1),
(3157, 322, 21, 1),
(3158, 428, 21, 1),
(3159, 1902, 21, 1),
(3160, 1903, 21, 2),
(3161, 1904, 21, 1),
(3162, 1905, 21, 1),
(3163, 1853, 21, 2),
(3164, 1906, 21, 1),
(3165, 1338, 21, 1),
(3166, 1907, 21, 1),
(3167, 1908, 21, 2),
(3168, 660, 21, 1),
(3169, 1909, 21, 1),
(3170, 1910, 21, 1),
(3171, 1911, 21, 3),
(3172, 1205, 21, 1),
(3173, 1912, 21, 1),
(3174, 465, 21, 1),
(3175, 184, 21, 1),
(3176, 1913, 21, 1),
(3177, 1295, 21, 2),
(3178, 1168, 21, 1),
(3179, 49, 21, 1),
(3180, 256, 21, 1),
(3181, 129, 21, 1),
(3182, 1303, 21, 1),
(3183, 1914, 21, 1),
(3184, 588, 21, 1),
(3185, 1915, 21, 6),
(3186, 582, 21, 1),
(3187, 189, 21, 2),
(3188, 1404, 21, 3),
(3189, 1431, 21, 1),
(3190, 1916, 21, 1),
(3191, 431, 21, 1),
(3192, 1917, 21, 2),
(3193, 1918, 21, 1),
(3194, 190, 21, 1),
(3195, 1919, 21, 1),
(3196, 1920, 21, 3),
(3197, 726, 21, 1),
(3198, 1921, 21, 2),
(3199, 1922, 21, 2),
(3200, 1923, 21, 1),
(3201, 1924, 21, 1),
(3202, 1925, 21, 1),
(3203, 1926, 21, 1),
(3204, 1927, 21, 1),
(3205, 1928, 21, 1),
(3206, 881, 21, 1),
(3207, 1929, 21, 1),
(3208, 1930, 21, 1),
(3209, 112, 21, 1),
(3210, 1019, 21, 1),
(3211, 1931, 21, 1),
(3212, 1932, 21, 1),
(3213, 1933, 21, 1),
(3214, 241, 21, 2),
(3215, 669, 21, 2),
(3216, 1934, 21, 1),
(3217, 1070, 21, 1),
(3218, 1204, 21, 1),
(3219, 358, 21, 1),
(3220, 1935, 21, 1),
(3221, 1177, 21, 1),
(3222, 801, 21, 1),
(3223, 176, 21, 1),
(3224, 685, 21, 2),
(3225, 1936, 21, 1),
(3226, 1038, 21, 1),
(3227, 1937, 21, 1),
(3228, 56, 21, 1),
(3229, 1170, 21, 1),
(3230, 1472, 21, 1),
(3231, 1510, 21, 1),
(3232, 711, 21, 1),
(3233, 492, 21, 1),
(3234, 832, 21, 1),
(3235, 1938, 21, 1),
(3236, 1939, 21, 2),
(3237, 705, 21, 1),
(3238, 1116, 21, 1),
(3239, 267, 21, 1),
(3240, 601, 21, 1),
(3241, 1940, 21, 2),
(3242, 28, 21, 1),
(3243, 31, 21, 1),
(3244, 1770, 21, 1),
(3245, 759, 21, 1),
(3246, 362, 21, 1),
(3247, 1941, 21, 1),
(3248, 856, 21, 2),
(3249, 1942, 21, 1),
(3250, 1704, 21, 1),
(3251, 1943, 21, 1),
(3252, 1944, 21, 1),
(3253, 686, 21, 1),
(3254, 307, 21, 1),
(3255, 1340, 21, 1),
(3256, 1432, 21, 1),
(3257, 1945, 21, 1),
(3258, 1946, 21, 1),
(3259, 1947, 21, 1),
(3260, 1948, 21, 1),
(3261, 345, 21, 1),
(3262, 1095, 21, 1),
(3263, 417, 21, 1),
(3264, 1949, 21, 1),
(3265, 1783, 21, 1),
(3266, 312, 22, 16),
(3267, 231, 22, 5),
(3268, 289, 22, 4),
(3269, 1950, 22, 5),
(3270, 1951, 22, 6),
(3271, 310, 22, 7),
(3272, 311, 22, 7),
(3273, 804, 22, 2),
(3274, 7, 22, 3),
(3275, 8, 22, 1),
(3276, 314, 22, 1),
(3277, 590, 22, 1),
(3278, 354, 22, 1),
(3279, 413, 22, 1),
(3280, 1952, 22, 1),
(3281, 1953, 22, 1),
(3282, 1954, 22, 1),
(3283, 16, 22, 2),
(3284, 320, 22, 1),
(3285, 321, 22, 1),
(3286, 1955, 22, 2),
(3287, 1956, 22, 2),
(3288, 706, 22, 1),
(3289, 124, 22, 7),
(3290, 1957, 22, 1),
(3291, 85, 22, 1),
(3292, 1539, 22, 2),
(3293, 1533, 22, 1),
(3294, 322, 22, 5),
(3295, 1541, 22, 2),
(3296, 836, 22, 3),
(3297, 1958, 22, 1),
(3298, 1959, 22, 1),
(3299, 1960, 22, 2),
(3300, 1961, 22, 1),
(3301, 325, 22, 3),
(3302, 307, 22, 11),
(3303, 363, 22, 4),
(3304, 1563, 22, 6),
(3305, 356, 22, 2),
(3306, 177, 22, 1),
(3307, 357, 22, 2),
(3308, 358, 22, 5),
(3309, 359, 22, 3),
(3310, 327, 22, 3),
(3311, 508, 22, 1),
(3312, 77, 22, 4),
(3313, 1962, 22, 1),
(3314, 1963, 22, 1),
(3315, 1964, 22, 1),
(3316, 2, 22, 3),
(3317, 474, 22, 2),
(3318, 705, 22, 2),
(3319, 732, 22, 1),
(3320, 1268, 22, 1),
(3321, 60, 22, 1),
(3322, 467, 22, 1),
(3323, 1965, 22, 1),
(3324, 827, 22, 2),
(3325, 1966, 22, 1),
(3326, 1003, 22, 1),
(3327, 1967, 22, 1),
(3328, 1968, 22, 1),
(3329, 1439, 22, 1),
(3330, 1969, 22, 1),
(3331, 1970, 22, 1),
(3332, 1604, 22, 1),
(3333, 1971, 22, 1),
(3334, 1972, 22, 1),
(3335, 697, 22, 2),
(3336, 1973, 22, 2),
(3337, 1974, 22, 1),
(3338, 551, 22, 1),
(3339, 1975, 22, 1),
(3340, 1976, 22, 1),
(3341, 1977, 22, 1),
(3342, 1978, 22, 1),
(3343, 323, 22, 3),
(3344, 774, 22, 2),
(3345, 1319, 22, 1),
(3346, 1979, 22, 1),
(3347, 655, 22, 1),
(3348, 227, 22, 1),
(3349, 1510, 22, 1),
(3350, 153, 22, 1),
(3351, 223, 22, 1),
(3352, 1525, 22, 1),
(3353, 1980, 22, 1),
(3354, 1981, 22, 1),
(3355, 1982, 22, 1),
(3356, 1983, 22, 1),
(3357, 1984, 22, 1),
(3358, 1265, 22, 1),
(3359, 340, 22, 1),
(3360, 1806, 22, 2),
(3361, 1985, 22, 1),
(3362, 1986, 22, 1),
(3363, 1710, 22, 2),
(3364, 375, 22, 4),
(3365, 1987, 22, 1),
(3366, 392, 22, 1),
(3367, 1988, 22, 1),
(3368, 1254, 22, 1),
(3369, 332, 22, 1),
(3370, 333, 22, 1),
(3371, 334, 22, 1),
(3372, 1989, 22, 3),
(3373, 1990, 22, 1),
(3374, 1991, 22, 1),
(3375, 1992, 22, 1),
(3376, 1837, 22, 4),
(3377, 1993, 22, 4),
(3378, 337, 22, 2),
(3379, 1994, 22, 1),
(3380, 381, 22, 1),
(3381, 1313, 22, 1),
(3382, 1093, 22, 2),
(3383, 1995, 22, 1),
(3384, 74, 22, 3),
(3385, 572, 22, 1),
(3386, 855, 22, 1),
(3387, 268, 22, 1),
(3388, 578, 22, 1),
(3389, 805, 22, 2),
(3390, 576, 22, 1),
(3391, 387, 22, 1),
(3392, 1996, 22, 1),
(3393, 344, 22, 1),
(3394, 343, 22, 1),
(3395, 926, 22, 1),
(3396, 1997, 22, 1),
(3397, 466, 22, 1),
(3398, 1998, 22, 1),
(3399, 1999, 22, 2),
(3400, 1518, 22, 1),
(3401, 2000, 22, 2),
(3402, 2001, 22, 1),
(3403, 1085, 22, 3),
(3404, 1479, 22, 1),
(3405, 1766, 22, 1),
(3406, 73, 22, 1),
(3407, 1048, 22, 1),
(3408, 26, 22, 1),
(3409, 2002, 22, 1),
(3410, 2003, 22, 1),
(3411, 389, 22, 2),
(3412, 848, 22, 1),
(3413, 409, 22, 2),
(3414, 1917, 22, 1),
(3415, 362, 22, 3),
(3416, 366, 22, 1),
(3417, 886, 22, 1),
(3418, 355, 22, 1),
(3419, 174, 22, 1),
(3420, 584, 22, 1),
(3421, 1552, 22, 3),
(3422, 550, 22, 1),
(3423, 2004, 22, 1),
(3424, 739, 22, 2),
(3425, 254, 22, 1),
(3426, 461, 22, 1),
(3427, 2005, 22, 1),
(3428, 365, 22, 1),
(3429, 759, 22, 1),
(3430, 61, 22, 1),
(3431, 2006, 22, 1),
(3432, 322, 23, 25),
(3433, 1007, 23, 11),
(3434, 995, 23, 10),
(3435, 996, 23, 11),
(3436, 1036, 23, 8),
(3437, 683, 23, 5),
(3438, 141, 23, 5),
(3439, 998, 23, 3),
(3440, 383, 23, 2),
(3441, 999, 23, 1),
(3442, 1000, 23, 1),
(3443, 1001, 23, 1),
(3444, 1002, 23, 1),
(3445, 1070, 23, 1),
(3446, 389, 23, 2),
(3447, 1071, 23, 2),
(3448, 1004, 23, 6),
(3449, 1005, 23, 6),
(3450, 1072, 23, 2),
(3451, 1073, 23, 2),
(3452, 1074, 23, 4),
(3453, 83, 23, 2),
(3454, 1020, 23, 5),
(3455, 944, 23, 2),
(3456, 1075, 23, 2),
(3457, 1076, 23, 2),
(3458, 1061, 23, 3),
(3459, 843, 23, 2),
(3460, 1010, 23, 2),
(3461, 1011, 23, 2),
(3462, 804, 23, 3),
(3463, 856, 23, 5),
(3464, 1019, 23, 2),
(3465, 1030, 23, 4),
(3466, 1077, 23, 1),
(3467, 1078, 23, 1),
(3468, 1079, 23, 1),
(3469, 1080, 23, 1),
(3470, 602, 23, 1),
(3471, 2007, 23, 1),
(3472, 2008, 23, 1),
(3473, 1018, 23, 1),
(3474, 2009, 23, 1),
(3475, 1531, 23, 1),
(3476, 1610, 23, 1),
(3477, 1003, 23, 1),
(3478, 1006, 23, 3),
(3479, 625, 23, 2),
(3480, 1027, 23, 3),
(3481, 1008, 23, 1),
(3482, 1009, 23, 1),
(3483, 57, 23, 2),
(3484, 1029, 23, 7),
(3485, 44, 23, 3),
(3486, 2010, 23, 1),
(3487, 513, 23, 1),
(3488, 2011, 23, 1),
(3489, 1204, 23, 1),
(3490, 1205, 23, 1),
(3491, 1028, 23, 2),
(3492, 2012, 23, 2),
(3493, 1038, 23, 5),
(3494, 874, 23, 1),
(3495, 2013, 23, 2),
(3496, 2014, 23, 1),
(3497, 2015, 23, 1),
(3498, 2016, 23, 1),
(3499, 962, 23, 1),
(3500, 1874, 23, 2),
(3501, 2017, 23, 1),
(3502, 1383, 23, 1),
(3503, 2018, 23, 2),
(3504, 2019, 23, 1),
(3505, 70, 23, 1),
(3506, 2020, 23, 1),
(3507, 308, 23, 1),
(3508, 2021, 23, 1),
(3509, 2022, 23, 1),
(3510, 1878, 23, 1),
(3511, 2023, 23, 1),
(3512, 2024, 23, 1),
(3513, 2025, 23, 1),
(3514, 2026, 23, 1),
(3515, 2027, 23, 1),
(3516, 487, 23, 1),
(3517, 556, 23, 1),
(3518, 1041, 23, 1),
(3519, 1042, 23, 1),
(3520, 1043, 23, 2),
(3521, 1044, 23, 1),
(3522, 2028, 23, 2),
(3523, 2029, 23, 2),
(3524, 1612, 23, 1),
(3525, 311, 23, 1),
(3526, 1288, 23, 1),
(3527, 2030, 23, 1),
(3528, 418, 23, 1),
(3529, 272, 23, 1),
(3530, 2031, 23, 1),
(3531, 2032, 23, 1),
(3532, 2033, 23, 1),
(3533, 2034, 23, 1),
(3534, 2035, 23, 1),
(3535, 1063, 23, 4),
(3536, 1064, 23, 7),
(3537, 587, 23, 1),
(3538, 2036, 23, 1),
(3539, 788, 23, 1),
(3540, 239, 23, 1),
(3541, 1928, 23, 1),
(3542, 646, 23, 1),
(3543, 2037, 23, 1),
(3544, 2038, 23, 1),
(3545, 536, 23, 1),
(3546, 1834, 23, 1),
(3547, 2039, 23, 1),
(3548, 994, 23, 3),
(3549, 1033, 23, 4),
(3550, 173, 23, 1),
(3551, 1055, 23, 2),
(3552, 332, 23, 1),
(3553, 1013, 23, 4),
(3554, 1046, 23, 1),
(3555, 993, 23, 6),
(3556, 2040, 23, 1),
(3557, 997, 23, 11),
(3558, 72, 23, 1),
(3559, 2041, 23, 4),
(3560, 887, 23, 3),
(3561, 1047, 23, 1),
(3562, 365, 23, 4),
(3563, 555, 23, 1),
(3564, 1048, 23, 1),
(3565, 1049, 23, 2),
(3566, 1050, 23, 4),
(3567, 1051, 23, 2),
(3568, 1052, 23, 2),
(3569, 49, 23, 1),
(3570, 574, 23, 1),
(3571, 848, 23, 1),
(3572, 674, 23, 2),
(3573, 1056, 23, 3),
(3574, 836, 23, 3),
(3575, 1045, 23, 3),
(3576, 235, 23, 6),
(3577, 331, 23, 1),
(3578, 345, 23, 1),
(3579, 391, 23, 1),
(3580, 1057, 23, 4),
(3581, 1058, 23, 4),
(3582, 368, 23, 3),
(3583, 2042, 23, 1),
(3584, 1062, 23, 1),
(3585, 1065, 23, 3),
(3586, 1975, 23, 1),
(3587, 1124, 23, 1),
(3588, 631, 23, 1),
(3589, 319, 23, 1),
(3590, 2043, 23, 1),
(3591, 2044, 23, 1),
(3592, 1128, 23, 1),
(3593, 2045, 23, 1),
(3594, 1794, 23, 1),
(3595, 2046, 23, 1),
(3596, 835, 23, 1),
(3597, 1060, 23, 1),
(3598, 1066, 23, 1),
(3599, 1067, 23, 1),
(3600, 1068, 23, 1),
(3601, 381, 23, 1),
(3602, 1947, 23, 1),
(3603, 666, 23, 1),
(3604, 2047, 23, 5),
(3605, 553, 23, 1),
(3606, 2048, 23, 6),
(3607, 2049, 23, 4),
(3608, 1407, 23, 2),
(3609, 73, 23, 2),
(3610, 338, 23, 1),
(3611, 2050, 23, 1),
(3612, 2051, 23, 1),
(3613, 231, 23, 1),
(3614, 36, 23, 3),
(3615, 2052, 23, 8),
(3616, 800, 23, 2),
(3617, 76, 23, 2),
(3618, 1452, 23, 2),
(3619, 357, 23, 2),
(3620, 774, 23, 3),
(3621, 769, 23, 2),
(3622, 819, 23, 2),
(3623, 1500, 23, 3),
(3624, 467, 23, 1),
(3625, 174, 23, 1),
(3626, 225, 23, 1),
(3627, 2053, 23, 2),
(3628, 2054, 23, 1),
(3629, 1996, 23, 1),
(3630, 344, 23, 1),
(3631, 1744, 23, 1),
(3632, 864, 23, 1),
(3633, 1729, 23, 1),
(3634, 1092, 23, 1),
(3635, 2055, 23, 1),
(3636, 1492, 23, 1),
(3637, 414, 23, 3),
(3638, 301, 23, 1),
(3639, 2056, 23, 1),
(3640, 845, 23, 1),
(3641, 2057, 23, 1),
(3642, 2058, 23, 1),
(3643, 46, 23, 1),
(3644, 2059, 23, 1),
(3645, 722, 23, 1),
(3646, 526, 23, 1),
(3647, 2060, 23, 1),
(3648, 101, 23, 1),
(3649, 1170, 23, 1),
(3650, 56, 23, 1),
(3651, 793, 23, 1),
(3652, 417, 23, 1),
(3653, 2061, 23, 1),
(3654, 2062, 23, 1),
(3655, 177, 23, 1),
(3656, 255, 23, 1),
(3657, 409, 23, 1),
(3658, 2063, 23, 1),
(3659, 2064, 23, 1),
(3660, 2065, 23, 1),
(3661, 2066, 24, 47),
(3662, 2067, 24, 14),
(3663, 2068, 24, 8),
(3664, 2069, 24, 4),
(3665, 2070, 24, 14),
(3666, 1121, 24, 6),
(3667, 757, 24, 1),
(3668, 467, 24, 1),
(3669, 8, 24, 1),
(3670, 1700, 24, 1),
(3671, 1701, 24, 1),
(3672, 1702, 24, 1),
(3673, 16, 24, 6),
(3674, 2071, 24, 5),
(3675, 2072, 24, 2),
(3676, 2073, 24, 4),
(3677, 2074, 24, 1),
(3678, 1069, 24, 1),
(3679, 994, 24, 2),
(3680, 2075, 24, 1),
(3681, 2076, 24, 3),
(3682, 1031, 24, 2),
(3683, 362, 24, 2),
(3684, 2077, 24, 3),
(3685, 263, 24, 2),
(3686, 2078, 24, 2),
(3687, 21, 24, 5),
(3688, 22, 24, 7),
(3689, 2079, 24, 1),
(3690, 17, 24, 1),
(3691, 332, 24, 1),
(3692, 914, 24, 1),
(3693, 2080, 24, 5),
(3694, 2081, 24, 3),
(3695, 174, 24, 1),
(3696, 2082, 24, 1),
(3697, 471, 24, 5),
(3698, 730, 24, 4),
(3699, 92, 24, 1),
(3700, 1856, 24, 1),
(3701, 79, 24, 1),
(3702, 1562, 24, 1),
(3703, 153, 24, 1),
(3704, 2083, 24, 1),
(3705, 379, 24, 1),
(3706, 1172, 24, 1),
(3707, 894, 24, 1),
(3708, 2084, 24, 3),
(3709, 2085, 24, 3),
(3710, 211, 24, 2),
(3711, 2086, 24, 1),
(3712, 2087, 24, 2),
(3713, 2088, 24, 2),
(3714, 2089, 24, 1),
(3715, 2090, 24, 2),
(3716, 2091, 24, 1),
(3717, 2092, 24, 3),
(3718, 2093, 24, 1),
(3719, 2094, 24, 1),
(3720, 2095, 24, 1),
(3721, 2096, 24, 2),
(3722, 2097, 24, 1),
(3723, 2098, 24, 1),
(3724, 2099, 24, 1),
(3725, 2100, 24, 1),
(3726, 2101, 24, 1),
(3727, 1518, 24, 1),
(3728, 1024, 24, 2),
(3729, 89, 24, 1),
(3730, 2102, 24, 1),
(3731, 887, 24, 1),
(3732, 2103, 24, 1),
(3733, 2104, 24, 2),
(3734, 2105, 24, 1),
(3735, 2106, 24, 2),
(3736, 2107, 24, 1),
(3737, 1123, 24, 1),
(3738, 2108, 24, 1),
(3739, 2109, 24, 1),
(3740, 2110, 24, 1),
(3741, 2111, 24, 1),
(3742, 2112, 24, 1),
(3743, 582, 24, 1),
(3744, 2113, 24, 1),
(3745, 2114, 24, 2),
(3746, 2115, 24, 3),
(3747, 358, 24, 2),
(3748, 2116, 24, 3),
(3749, 2117, 24, 1),
(3750, 431, 24, 1),
(3751, 2118, 24, 2),
(3752, 1447, 24, 1),
(3753, 2119, 24, 1),
(3754, 2120, 24, 2),
(3755, 2121, 24, 1),
(3756, 2122, 24, 1),
(3757, 2123, 24, 1),
(3758, 2124, 24, 1),
(3759, 1898, 24, 3),
(3760, 2125, 24, 1),
(3761, 311, 24, 2),
(3762, 2126, 24, 1),
(3763, 2127, 24, 1),
(3764, 448, 24, 1),
(3765, 2128, 24, 1),
(3766, 2129, 24, 1),
(3767, 2130, 24, 1),
(3768, 659, 24, 1),
(3769, 2131, 24, 1),
(3770, 503, 24, 1),
(3771, 2132, 24, 4),
(3772, 2133, 24, 1),
(3773, 816, 24, 1),
(3774, 2134, 24, 1),
(3775, 2135, 24, 1),
(3776, 2136, 24, 1),
(3777, 2137, 24, 2),
(3778, 2138, 24, 2),
(3779, 329, 24, 1),
(3780, 414, 24, 1),
(3781, 856, 24, 1),
(3782, 631, 24, 1),
(3783, 571, 24, 1),
(3784, 1654, 24, 1),
(3785, 7, 24, 1),
(3786, 2139, 24, 1),
(3787, 1445, 24, 1),
(3788, 2140, 24, 1),
(3789, 2141, 24, 1),
(3790, 2142, 24, 1),
(3791, 2143, 24, 2),
(3792, 2144, 24, 1),
(3793, 1101, 24, 1),
(3794, 1003, 24, 4),
(3795, 2145, 24, 1),
(3796, 2146, 24, 1),
(3797, 24, 24, 1),
(3798, 203, 24, 1),
(3799, 1036, 24, 1),
(3800, 1455, 24, 1),
(3801, 2147, 24, 1),
(3802, 2148, 24, 1),
(3803, 2149, 24, 1),
(3804, 1320, 24, 1),
(3805, 1779, 24, 1),
(3806, 2150, 24, 1),
(3807, 2151, 24, 1),
(3808, 2152, 24, 1),
(3809, 1783, 24, 1),
(3810, 664, 25, 1),
(3811, 2153, 25, 17),
(3812, 2154, 25, 5),
(3813, 2155, 25, 3),
(3814, 1184, 25, 3),
(3815, 1286, 25, 9),
(3816, 1186, 25, 14),
(3817, 2156, 25, 9),
(3818, 2157, 25, 3),
(3819, 2158, 25, 5),
(3820, 313, 25, 2),
(3821, 7, 25, 1),
(3822, 8, 25, 1),
(3823, 1468, 25, 1),
(3824, 1496, 25, 1),
(3825, 16, 25, 2),
(3826, 1327, 25, 1),
(3827, 2159, 25, 1),
(3828, 550, 25, 1),
(3829, 2160, 25, 1),
(3830, 2161, 25, 1),
(3831, 2162, 25, 1),
(3832, 2163, 25, 2),
(3833, 223, 25, 9),
(3834, 346, 25, 3),
(3835, 1198, 25, 1),
(3836, 857, 25, 1),
(3837, 1199, 25, 2),
(3838, 2164, 25, 4),
(3839, 2165, 25, 4),
(3840, 733, 25, 2),
(3841, 1431, 25, 3),
(3842, 1478, 25, 3),
(3843, 2166, 25, 4),
(3844, 2167, 25, 2),
(3845, 2168, 25, 1),
(3846, 2169, 25, 4),
(3847, 2170, 25, 3),
(3848, 2171, 25, 1),
(3849, 2172, 25, 1),
(3850, 1090, 25, 1),
(3851, 554, 25, 2),
(3852, 1311, 25, 3),
(3853, 2173, 25, 1),
(3854, 474, 25, 1),
(3855, 2174, 25, 1),
(3856, 24, 25, 6),
(3857, 2175, 25, 3),
(3858, 2176, 25, 1),
(3859, 2177, 25, 2),
(3860, 2178, 25, 1),
(3861, 870, 25, 2),
(3862, 489, 25, 1),
(3863, 2179, 25, 5),
(3864, 2180, 25, 2),
(3865, 389, 25, 1),
(3866, 2181, 25, 1),
(3867, 2182, 25, 1),
(3868, 2183, 25, 1),
(3869, 629, 25, 2),
(3870, 2184, 25, 1),
(3871, 2185, 25, 1),
(3872, 584, 25, 1),
(3873, 1453, 25, 4),
(3874, 2186, 25, 1),
(3875, 526, 25, 3),
(3876, 835, 25, 1),
(3877, 2187, 25, 1),
(3878, 2188, 25, 1),
(3879, 2189, 25, 1),
(3880, 2057, 25, 2),
(3881, 1330, 25, 1),
(3882, 2190, 25, 2),
(3883, 730, 25, 3),
(3884, 352, 25, 1),
(3885, 2191, 25, 1),
(3886, 467, 25, 1),
(3887, 1492, 25, 2),
(3888, 705, 25, 1),
(3889, 688, 25, 11),
(3890, 112, 25, 3),
(3891, 2192, 25, 1),
(3892, 331, 25, 1),
(3893, 1493, 25, 1),
(3894, 2193, 25, 5),
(3895, 2194, 25, 1),
(3896, 2195, 25, 1),
(3897, 256, 25, 1),
(3898, 69, 25, 6),
(3899, 2196, 25, 1),
(3900, 2197, 25, 3),
(3901, 2198, 25, 1),
(3902, 686, 25, 1),
(3903, 503, 25, 1),
(3904, 856, 25, 1),
(3905, 1448, 25, 1),
(3906, 890, 25, 1),
(3907, 2199, 25, 1),
(3908, 827, 25, 1),
(3909, 1814, 25, 1),
(3910, 153, 25, 1),
(3911, 459, 25, 1),
(3912, 147, 25, 1),
(3913, 492, 25, 1),
(3914, 1537, 25, 1),
(3915, 312, 25, 1),
(3916, 825, 25, 1),
(3917, 979, 25, 1),
(3918, 1278, 25, 1),
(3919, 953, 25, 1),
(3920, 1965, 25, 1),
(3921, 2200, 25, 1),
(3922, 596, 25, 1),
(3923, 2201, 25, 1),
(3924, 551, 25, 1),
(3925, 2202, 25, 1),
(3926, 2203, 25, 1),
(3927, 2204, 25, 2),
(3928, 263, 25, 1),
(3929, 2205, 25, 1),
(3930, 911, 25, 1),
(3931, 176, 25, 1),
(3932, 2206, 25, 1),
(3933, 2207, 25, 1),
(3934, 2208, 25, 1),
(3935, 100, 25, 1),
(3936, 2209, 25, 1),
(3937, 2210, 25, 1),
(3938, 370, 25, 1),
(3939, 2113, 25, 1),
(3940, 2211, 25, 1),
(3941, 1322, 25, 1),
(3942, 2212, 26, 19),
(3943, 2075, 26, 20),
(3944, 2145, 26, 3),
(3945, 2213, 26, 2),
(3946, 613, 26, 2),
(3947, 2083, 26, 5),
(3948, 2214, 26, 4),
(3949, 767, 26, 1),
(3950, 467, 26, 1),
(3951, 8, 26, 1),
(3952, 1700, 26, 1),
(3953, 1701, 26, 1),
(3954, 1702, 26, 1),
(3955, 16, 26, 6),
(3956, 2215, 26, 1),
(3957, 2216, 26, 1),
(3958, 576, 26, 2),
(3959, 1853, 26, 3),
(3960, 2217, 26, 2),
(3961, 2218, 26, 5),
(3962, 2219, 26, 1),
(3963, 726, 26, 1),
(3964, 2143, 26, 1),
(3965, 956, 26, 1),
(3966, 2220, 26, 9),
(3967, 2221, 26, 1),
(3968, 2222, 26, 1),
(3969, 2223, 26, 2),
(3970, 1930, 26, 2),
(3971, 463, 26, 1),
(3972, 2224, 26, 5),
(3973, 379, 26, 2),
(3974, 698, 26, 1),
(3975, 332, 26, 1),
(3976, 2225, 26, 2),
(3977, 1264, 26, 1),
(3978, 1004, 26, 1),
(3979, 2226, 26, 1),
(3980, 2227, 26, 1),
(3981, 1070, 26, 1),
(3982, 2228, 26, 1),
(3983, 2229, 26, 5),
(3984, 2230, 26, 2),
(3985, 358, 26, 2),
(3986, 2231, 26, 1),
(3987, 483, 26, 1),
(3988, 844, 26, 3),
(3989, 1265, 26, 1),
(3990, 1962, 26, 3),
(3991, 2125, 26, 4),
(3992, 115, 26, 1),
(3993, 1368, 26, 2),
(3994, 2232, 26, 2),
(3995, 1750, 26, 1),
(3996, 2233, 26, 1),
(3997, 2078, 26, 3),
(3998, 2234, 26, 1),
(3999, 684, 26, 1),
(4000, 1903, 26, 2),
(4001, 933, 26, 1),
(4002, 2235, 26, 2),
(4003, 2236, 26, 1),
(4004, 2237, 26, 1),
(4005, 2013, 26, 2),
(4006, 1238, 26, 2),
(4007, 2238, 26, 4),
(4008, 417, 26, 2),
(4009, 759, 26, 1),
(4010, 2239, 26, 1),
(4011, 2240, 26, 1),
(4012, 2241, 26, 1),
(4013, 2242, 26, 1),
(4014, 2243, 26, 1),
(4015, 2244, 26, 1),
(4016, 2245, 26, 1),
(4017, 1024, 26, 3),
(4018, 2246, 26, 1),
(4019, 1988, 26, 1),
(4020, 425, 26, 1),
(4021, 1038, 26, 1),
(4022, 2247, 26, 1),
(4023, 2248, 26, 1),
(4024, 2249, 26, 1),
(4025, 1729, 26, 1),
(4026, 1031, 26, 1),
(4027, 2250, 26, 1),
(4028, 2251, 26, 1),
(4029, 578, 26, 1),
(4030, 2252, 26, 1),
(4031, 2253, 26, 1),
(4032, 1218, 26, 1),
(4033, 362, 26, 1),
(4034, 1445, 26, 1),
(4035, 2254, 26, 1),
(4036, 2255, 26, 1),
(4037, 184, 26, 1),
(4038, 581, 26, 1),
(4039, 1490, 26, 1),
(4040, 2256, 26, 1),
(4041, 1452, 26, 1),
(4042, 2257, 26, 1),
(4043, 2258, 26, 3),
(4044, 877, 26, 1),
(4045, 2259, 26, 1),
(4046, 2260, 26, 1),
(4047, 2261, 26, 1),
(4048, 2262, 26, 1),
(4049, 2263, 26, 1),
(4050, 914, 26, 1),
(4051, 2264, 26, 1),
(4052, 2265, 26, 1),
(4053, 256, 26, 3),
(4054, 231, 26, 1),
(4055, 503, 26, 1),
(4056, 457, 26, 1),
(4057, 2266, 26, 2),
(4058, 890, 26, 1),
(4059, 21, 26, 4),
(4060, 2267, 26, 3),
(4061, 34, 26, 2),
(4062, 2268, 26, 1),
(4063, 2269, 26, 1),
(4064, 2270, 26, 1),
(4065, 70, 26, 4),
(4066, 2271, 26, 1),
(4067, 809, 26, 4),
(4068, 313, 26, 2),
(4069, 1430, 26, 1),
(4070, 864, 26, 1),
(4071, 2272, 26, 1),
(4072, 2273, 26, 1),
(4073, 2274, 26, 2),
(4074, 2275, 26, 1),
(4075, 57, 26, 1),
(4076, 58, 26, 1),
(4077, 2276, 26, 1),
(4078, 20, 26, 1),
(4079, 159, 26, 1),
(4080, 2277, 26, 1),
(4081, 1802, 26, 2),
(4082, 175, 26, 1),
(4083, 1456, 26, 1),
(4084, 2278, 26, 1),
(4085, 2279, 26, 1),
(4086, 2280, 26, 1),
(4087, 37, 26, 1),
(4088, 2281, 26, 1),
(4089, 683, 26, 1),
(4090, 2282, 26, 1),
(4091, 2283, 26, 1),
(4092, 419, 26, 2),
(4093, 2284, 26, 1),
(4094, 389, 26, 2),
(4095, 129, 26, 1),
(4096, 2285, 26, 1),
(4097, 571, 26, 1),
(4098, 582, 26, 1),
(4099, 2286, 26, 1),
(4100, 856, 26, 1),
(4101, 2114, 26, 1),
(4102, 2130, 26, 1),
(4103, 659, 26, 1),
(4104, 1141, 26, 3),
(4105, 2287, 26, 1),
(4106, 861, 26, 2),
(4107, 2288, 26, 1),
(4108, 2289, 26, 1),
(4109, 1219, 26, 1),
(4110, 1336, 26, 1),
(4111, 2290, 26, 1),
(4112, 1705, 26, 1),
(4113, 412, 26, 2),
(4114, 1115, 26, 2),
(4115, 2291, 26, 1),
(4116, 2292, 26, 1),
(4117, 338, 26, 1),
(4118, 251, 26, 1),
(4119, 1860, 26, 1),
(4120, 1939, 26, 1),
(4121, 1783, 26, 1),
(4122, 2293, 27, 15),
(4123, 2294, 27, 15),
(4124, 1595, 27, 3),
(4125, 1939, 27, 4),
(4126, 2295, 27, 34),
(4127, 2296, 27, 20),
(4128, 83, 27, 2),
(4129, 573, 27, 7),
(4130, 466, 27, 1),
(4131, 1654, 27, 1),
(4132, 8, 27, 1),
(4133, 2297, 27, 5),
(4134, 2298, 27, 5),
(4135, 16, 27, 6),
(4136, 2299, 27, 5),
(4137, 2300, 27, 5),
(4138, 2301, 27, 1),
(4139, 518, 27, 3),
(4140, 2302, 27, 1),
(4141, 2303, 27, 4),
(4142, 2304, 27, 2),
(4143, 2305, 27, 2),
(4144, 2306, 27, 1),
(4145, 1123, 27, 2),
(4146, 2307, 27, 1),
(4147, 2308, 27, 1),
(4148, 613, 27, 1),
(4149, 861, 27, 1),
(4150, 2309, 27, 1),
(4151, 2310, 27, 1),
(4152, 2311, 27, 3),
(4153, 123, 27, 4),
(4154, 1802, 27, 2),
(4155, 2312, 27, 1),
(4156, 444, 27, 7),
(4157, 686, 27, 3),
(4158, 2313, 27, 2),
(4159, 722, 27, 2),
(4160, 1938, 27, 2),
(4161, 1109, 27, 2),
(4162, 121, 27, 1),
(4163, 2314, 27, 1),
(4164, 368, 27, 2),
(4165, 324, 27, 1),
(4166, 197, 27, 1),
(4167, 1001, 27, 1),
(4168, 2315, 27, 1),
(4169, 2316, 27, 1),
(4170, 2317, 27, 3),
(4171, 2318, 27, 4),
(4172, 2319, 27, 2),
(4173, 1227, 27, 1),
(4174, 219, 27, 2),
(4175, 836, 27, 1),
(4176, 1904, 27, 1),
(4177, 2320, 27, 1),
(4178, 1853, 27, 1),
(4179, 2321, 27, 1),
(4180, 1338, 27, 1),
(4181, 2322, 27, 1),
(4182, 2323, 27, 1),
(4183, 2324, 27, 1),
(4184, 2325, 27, 1),
(4185, 2326, 27, 2),
(4186, 1929, 27, 2),
(4187, 17, 27, 1),
(4188, 288, 27, 2),
(4189, 345, 27, 1),
(4190, 1107, 27, 1),
(4191, 2327, 27, 1),
(4192, 1461, 27, 1),
(4193, 856, 27, 2),
(4194, 2082, 27, 1),
(4195, 112, 27, 1),
(4196, 2328, 27, 1),
(4197, 2249, 27, 1),
(4198, 2329, 27, 1),
(4199, 986, 27, 2),
(4200, 2330, 27, 2),
(4201, 21, 27, 1),
(4202, 74, 27, 1),
(4203, 2331, 27, 1),
(4204, 40, 27, 1),
(4205, 2332, 27, 1),
(4206, 2333, 27, 1),
(4207, 2334, 27, 1),
(4208, 2335, 27, 1),
(4209, 2229, 27, 1),
(4210, 2266, 27, 1),
(4211, 2270, 27, 1),
(4212, 1141, 27, 1),
(4213, 742, 27, 1),
(4214, 134, 27, 1),
(4215, 267, 27, 2),
(4216, 601, 27, 1),
(4217, 894, 27, 1),
(4218, 1187, 27, 1),
(4219, 2336, 27, 1),
(4220, 1095, 27, 1),
(4221, 2337, 27, 1),
(4222, 2338, 27, 1),
(4223, 753, 27, 2),
(4224, 685, 27, 2),
(4225, 24, 27, 1),
(4226, 339, 27, 2),
(4227, 2339, 27, 1),
(4228, 608, 27, 1),
(4229, 190, 27, 1),
(4230, 177, 27, 1),
(4231, 2340, 27, 1),
(4232, 631, 27, 1),
(4233, 2341, 27, 1),
(4234, 297, 27, 1),
(4235, 2342, 27, 1),
(4236, 2343, 27, 1),
(4237, 1936, 27, 2),
(4238, 2344, 27, 1),
(4239, 1266, 27, 4),
(4240, 788, 27, 1),
(4241, 2345, 27, 1),
(4242, 2142, 27, 1),
(4243, 2346, 27, 1),
(4244, 2347, 27, 1),
(4245, 2348, 27, 1),
(4246, 430, 27, 1),
(4247, 2349, 27, 1),
(4248, 56, 27, 1),
(4249, 2350, 27, 1),
(4250, 1217, 27, 1),
(4251, 2351, 27, 1),
(4252, 2352, 27, 1),
(4253, 431, 27, 1),
(4254, 2198, 27, 2),
(4255, 707, 27, 1),
(4256, 358, 27, 2),
(4257, 2353, 27, 1),
(4258, 2354, 27, 2),
(4259, 262, 27, 1),
(4260, 629, 27, 1),
(4261, 2355, 27, 1),
(4262, 2356, 27, 1),
(4263, 104, 27, 1),
(4264, 825, 27, 1),
(4265, 2357, 27, 1),
(4266, 73, 27, 1),
(4267, 210, 27, 2),
(4268, 2358, 27, 1),
(4269, 2359, 27, 1),
(4270, 2138, 27, 1),
(4271, 2360, 27, 1),
(4272, 2361, 27, 1),
(4273, 57, 27, 1),
(4274, 2362, 27, 1),
(4275, 2363, 27, 1),
(4276, 2364, 27, 1),
(4277, 225, 27, 1),
(4278, 2365, 27, 1),
(4279, 2224, 27, 1),
(4280, 1031, 27, 1),
(4281, 1612, 27, 1),
(4282, 2366, 27, 1),
(4283, 811, 27, 1),
(4284, 1635, 27, 1),
(4285, 1847, 27, 1),
(4286, 79, 27, 2),
(4287, 551, 27, 1),
(4288, 1729, 27, 3),
(4289, 334, 27, 1),
(4290, 2367, 27, 1),
(4291, 1054, 27, 1),
(4292, 2246, 27, 2),
(4293, 19, 27, 1),
(4294, 2368, 27, 1),
(4295, 184, 27, 1),
(4296, 2369, 27, 1),
(4297, 2370, 27, 1),
(4298, 1916, 27, 1),
(4299, 357, 27, 1),
(4300, 2371, 27, 1),
(4301, 2372, 27, 2),
(4302, 1813, 27, 1),
(4303, 615, 27, 1),
(4304, 797, 27, 1),
(4305, 2373, 27, 1),
(4306, 2374, 27, 1),
(4307, 794, 27, 1),
(4308, 483, 27, 1),
(4309, 580, 27, 1),
(4310, 322, 27, 2),
(4311, 2375, 27, 1),
(4312, 2179, 27, 2),
(4313, 910, 27, 2),
(4314, 956, 27, 1),
(4315, 1039, 27, 1),
(4316, 2376, 27, 1),
(4317, 2377, 27, 1),
(4318, 2378, 28, 2),
(4319, 1262, 28, 2),
(4320, 836, 28, 30),
(4321, 2268, 28, 12),
(4322, 2379, 28, 32),
(4323, 2314, 28, 2),
(4324, 441, 28, 12),
(4325, 2380, 28, 5),
(4326, 466, 28, 1),
(4327, 467, 28, 1),
(4328, 8, 28, 1),
(4329, 1700, 28, 1),
(4330, 1701, 28, 1),
(4331, 1702, 28, 1),
(4332, 2381, 28, 16),
(4333, 16, 28, 6),
(4334, 2382, 28, 5),
(4335, 1383, 28, 5),
(4336, 320, 28, 5),
(4337, 1218, 28, 2),
(4338, 1601, 28, 2),
(4339, 22, 28, 4),
(4340, 2383, 28, 2),
(4341, 2098, 28, 1),
(4342, 2078, 28, 1),
(4343, 30, 28, 1),
(4344, 2304, 28, 1),
(4345, 683, 28, 1),
(4346, 141, 28, 1),
(4347, 2384, 28, 1),
(4348, 2303, 28, 1),
(4349, 368, 28, 1),
(4350, 2267, 28, 1),
(4351, 2385, 28, 1),
(4352, 358, 28, 3),
(4353, 2342, 28, 2),
(4354, 2223, 28, 2),
(4355, 2386, 28, 2),
(4356, 512, 28, 1),
(4357, 2387, 28, 6),
(4358, 2092, 28, 2),
(4359, 2090, 28, 2),
(4360, 684, 28, 1),
(4361, 332, 28, 2),
(4362, 431, 28, 2),
(4363, 2388, 28, 1),
(4364, 2389, 28, 1),
(4365, 2390, 28, 1),
(4366, 2391, 28, 1),
(4367, 444, 28, 5),
(4368, 1192, 28, 2),
(4369, 2392, 28, 2),
(4370, 2393, 28, 1),
(4371, 1585, 28, 1),
(4372, 184, 28, 1),
(4373, 1625, 28, 1),
(4374, 2394, 28, 1),
(4375, 17, 28, 1),
(4376, 1132, 28, 1),
(4377, 2395, 28, 2),
(4378, 389, 28, 2),
(4379, 477, 28, 1),
(4380, 2396, 28, 1),
(4381, 1898, 28, 1),
(4382, 21, 28, 4),
(4383, 2397, 28, 1),
(4384, 2330, 28, 2),
(4385, 2398, 28, 1),
(4386, 2399, 28, 1),
(4387, 2400, 28, 2),
(4388, 2401, 28, 2),
(4389, 2402, 28, 1),
(4390, 26, 28, 3),
(4391, 616, 28, 2),
(4392, 2403, 28, 1),
(4393, 1277, 28, 1),
(4394, 838, 28, 1),
(4395, 1403, 28, 1),
(4396, 2404, 28, 1),
(4397, 759, 28, 1),
(4398, 2405, 28, 1),
(4399, 2406, 28, 1),
(4400, 2407, 28, 1),
(4401, 1031, 28, 1),
(4402, 107, 28, 4),
(4403, 229, 28, 1),
(4404, 2408, 28, 1),
(4405, 2409, 28, 1),
(4406, 2410, 28, 1),
(4407, 2114, 28, 1),
(4408, 2353, 28, 1),
(4409, 2411, 28, 1),
(4410, 464, 28, 2),
(4411, 1107, 28, 3),
(4412, 117, 28, 3),
(4413, 1987, 28, 1),
(4414, 24, 28, 2),
(4415, 25, 28, 1),
(4416, 2140, 28, 1),
(4417, 2412, 28, 1),
(4418, 388, 28, 3),
(4419, 571, 28, 2),
(4420, 2413, 28, 1),
(4421, 415, 28, 1),
(4422, 393, 28, 1),
(4423, 177, 28, 1),
(4424, 2155, 28, 1),
(4425, 2414, 28, 4),
(4426, 551, 28, 1),
(4427, 1141, 28, 1),
(4428, 688, 28, 1),
(4429, 2309, 28, 1),
(4430, 2262, 28, 1),
(4431, 1219, 28, 1),
(4432, 2415, 28, 2),
(4433, 1802, 28, 3),
(4434, 2416, 28, 4),
(4435, 2417, 28, 1),
(4436, 548, 28, 2),
(4437, 2418, 28, 1),
(4438, 576, 28, 1),
(4439, 508, 28, 1),
(4440, 1416, 28, 1),
(4441, 2419, 28, 3),
(4442, 2420, 28, 1),
(4443, 2421, 28, 1),
(4444, 1479, 28, 1),
(4445, 2346, 28, 1),
(4446, 230, 28, 1),
(4447, 2422, 28, 1),
(4448, 1897, 28, 1),
(4449, 2423, 28, 1),
(4450, 1315, 28, 1),
(4451, 832, 28, 1),
(4452, 2424, 28, 2),
(4453, 2072, 28, 1),
(4454, 52, 28, 1),
(4455, 2425, 28, 3),
(4456, 2426, 28, 1),
(4457, 2427, 28, 1),
(4458, 2280, 28, 1),
(4459, 34, 28, 2),
(4460, 167, 28, 1),
(4461, 2428, 28, 1),
(4462, 234, 28, 1),
(4463, 2429, 28, 1),
(4464, 2430, 28, 1),
(4465, 956, 28, 1),
(4466, 1925, 28, 1),
(4467, 2431, 28, 3),
(4468, 2432, 28, 1),
(4469, 253, 28, 2),
(4470, 2433, 28, 2),
(4471, 19, 28, 2),
(4472, 2434, 28, 1),
(4473, 564, 28, 1),
(4474, 789, 28, 1),
(4475, 2435, 28, 1),
(4476, 2436, 28, 2),
(4477, 216, 28, 1),
(4478, 1172, 28, 1),
(4479, 2437, 28, 1),
(4480, 2438, 28, 1),
(4481, 222, 28, 1),
(4482, 1946, 28, 2),
(4483, 2219, 28, 3),
(4484, 308, 28, 1),
(4485, 728, 28, 1),
(4486, 2069, 28, 1),
(4487, 1263, 28, 2),
(4488, 2439, 28, 1),
(4489, 254, 28, 1),
(4490, 2270, 28, 1),
(4491, 2440, 28, 1),
(4492, 2441, 28, 1),
(4493, 2442, 28, 1),
(4494, 2443, 28, 1),
(4495, 2079, 28, 1),
(4496, 1903, 28, 1),
(4497, 134, 28, 2),
(4498, 40, 28, 1),
(4499, 2444, 28, 2),
(4500, 183, 28, 1),
(4501, 2445, 28, 1),
(4502, 2446, 28, 1),
(4503, 2447, 28, 1),
(4504, 2448, 28, 1),
(4505, 2449, 28, 1),
(4506, 2450, 28, 1),
(4507, 2451, 28, 1),
(4508, 2452, 28, 1),
(4509, 2453, 28, 1),
(4510, 2454, 28, 1),
(4511, 2455, 28, 1),
(4512, 2456, 28, 1),
(4513, 722, 28, 2),
(4514, 2457, 28, 2),
(4515, 217, 28, 2),
(4516, 2458, 28, 1),
(4517, 425, 28, 1),
(4518, 2459, 28, 1),
(4519, 2460, 28, 3),
(4520, 578, 28, 1),
(4521, 1510, 28, 1),
(4522, 1452, 28, 1),
(4523, 102, 28, 1),
(4524, 2461, 28, 1),
(4525, 951, 28, 1),
(4526, 890, 28, 1),
(4527, 1783, 28, 1),
(4528, 399, 29, 5),
(4529, 651, 29, 2),
(4530, 476, 29, 13),
(4531, 2462, 29, 6),
(4532, 460, 29, 8),
(4533, 679, 29, 3),
(4534, 2463, 29, 2),
(4535, 2464, 29, 5),
(4536, 864, 29, 2),
(4537, 8, 29, 1),
(4538, 1327, 29, 1),
(4539, 2465, 29, 1),
(4540, 1006, 29, 1),
(4541, 2466, 29, 1),
(4542, 2467, 29, 1),
(4543, 16, 29, 2),
(4544, 544, 29, 2),
(4545, 471, 29, 12),
(4546, 2468, 29, 5),
(4547, 2469, 29, 1),
(4548, 253, 29, 3),
(4549, 689, 29, 9),
(4550, 2470, 29, 9),
(4551, 1945, 29, 1),
(4552, 469, 29, 3),
(4553, 51, 29, 2),
(4554, 800, 29, 3),
(4555, 513, 29, 2),
(4556, 473, 29, 1),
(4557, 474, 29, 2),
(4558, 161, 29, 1),
(4559, 2471, 29, 1),
(4560, 1465, 29, 1),
(4561, 1107, 29, 1),
(4562, 2472, 29, 2),
(4563, 2473, 29, 3),
(4564, 2474, 29, 3),
(4565, 537, 29, 2),
(4566, 1092, 29, 1),
(4567, 2475, 29, 1),
(4568, 2476, 29, 1),
(4569, 1158, 29, 1),
(4570, 225, 29, 2),
(4571, 845, 29, 1),
(4572, 382, 29, 1),
(4573, 1355, 29, 1),
(4574, 1557, 29, 1),
(4575, 705, 29, 2),
(4576, 19, 29, 1),
(4577, 327, 29, 1),
(4578, 358, 29, 1),
(4579, 2477, 29, 1),
(4580, 2478, 29, 1),
(4581, 2479, 29, 1),
(4582, 389, 29, 2),
(4583, 1693, 29, 1),
(4584, 580, 29, 2),
(4585, 322, 29, 1),
(4586, 2480, 29, 1),
(4587, 470, 29, 2),
(4588, 472, 29, 2),
(4589, 465, 29, 2),
(4590, 2481, 29, 2),
(4591, 2482, 29, 2),
(4592, 2483, 29, 2),
(4593, 383, 29, 4),
(4594, 441, 29, 3),
(4595, 502, 29, 2),
(4596, 2076, 29, 2),
(4597, 969, 29, 2),
(4598, 480, 29, 2),
(4599, 2484, 29, 1),
(4600, 1170, 29, 1),
(4601, 2485, 29, 1),
(4602, 1741, 29, 1),
(4603, 439, 29, 1),
(4604, 2486, 29, 1),
(4605, 2487, 29, 1),
(4606, 2488, 29, 1),
(4607, 2489, 29, 3),
(4608, 2490, 29, 3),
(4609, 1430, 29, 1),
(4610, 940, 29, 1),
(4611, 1113, 29, 1),
(4612, 728, 29, 1),
(4613, 2491, 29, 2),
(4614, 1288, 29, 1),
(4615, 154, 29, 1),
(4616, 2492, 29, 1),
(4617, 788, 29, 1),
(4618, 381, 29, 1),
(4619, 227, 29, 1),
(4620, 1806, 29, 1),
(4621, 2493, 29, 1),
(4622, 826, 29, 1),
(4623, 2494, 29, 1),
(4624, 2495, 29, 1),
(4625, 2092, 29, 4),
(4626, 2496, 29, 2),
(4627, 2497, 29, 1),
(4628, 1219, 29, 1),
(4629, 2498, 29, 1),
(4630, 2090, 29, 1),
(4631, 1309, 29, 1),
(4632, 129, 29, 1),
(4633, 1766, 29, 1),
(4634, 1706, 29, 1),
(4635, 362, 29, 1),
(4636, 2499, 29, 1),
(4637, 112, 30, 4),
(4638, 2500, 30, 21),
(4639, 26, 30, 19),
(4640, 24, 30, 5),
(4641, 2501, 30, 5),
(4642, 2502, 30, 4),
(4643, 2503, 30, 5),
(4644, 767, 30, 1),
(4645, 467, 30, 1),
(4646, 8, 30, 1),
(4647, 2297, 30, 1),
(4648, 2298, 30, 1),
(4649, 16, 30, 6),
(4650, 2504, 30, 5),
(4651, 2505, 30, 5),
(4652, 2506, 30, 2),
(4653, 2507, 30, 1),
(4654, 334, 30, 1),
(4655, 2508, 30, 1),
(4656, 2509, 30, 1),
(4657, 2510, 30, 1),
(4658, 1141, 30, 5),
(4659, 2511, 30, 1),
(4660, 2512, 30, 2),
(4661, 1455, 30, 2),
(4662, 445, 30, 1),
(4663, 2513, 30, 1),
(4664, 1239, 30, 1),
(4665, 2514, 30, 2),
(4666, 2515, 30, 1),
(4667, 2516, 30, 1),
(4668, 2517, 30, 1),
(4669, 2429, 30, 2),
(4670, 2518, 30, 2),
(4671, 2519, 30, 6),
(4672, 2100, 30, 1),
(4673, 57, 30, 1),
(4674, 292, 30, 1),
(4675, 2520, 30, 3),
(4676, 2521, 30, 1),
(4677, 1813, 30, 2),
(4678, 129, 30, 1),
(4679, 2205, 30, 1),
(4680, 2522, 30, 1),
(4681, 2523, 30, 1),
(4682, 1766, 30, 1),
(4683, 2314, 30, 3),
(4684, 1974, 30, 2),
(4685, 2524, 30, 2),
(4686, 176, 30, 3),
(4687, 511, 30, 4),
(4688, 1938, 30, 1),
(4689, 441, 30, 1),
(4690, 836, 30, 2),
(4691, 1461, 30, 1),
(4692, 910, 30, 1),
(4693, 1192, 30, 2),
(4694, 2525, 30, 1),
(4695, 442, 30, 1),
(4696, 1138, 30, 5),
(4697, 20, 30, 4),
(4698, 2526, 30, 1),
(4699, 2527, 30, 1),
(4700, 898, 30, 1),
(4701, 571, 30, 1),
(4702, 338, 30, 2),
(4703, 2528, 30, 2),
(4704, 1487, 30, 1),
(4705, 2529, 30, 2),
(4706, 2530, 30, 1),
(4707, 2531, 30, 4),
(4708, 459, 30, 2),
(4709, 2385, 30, 1),
(4710, 358, 30, 1),
(4711, 175, 30, 4),
(4712, 2532, 30, 1),
(4713, 2533, 30, 1),
(4714, 1252, 30, 3),
(4715, 2352, 30, 1),
(4716, 2534, 30, 1),
(4717, 2535, 30, 1),
(4718, 197, 30, 1),
(4719, 40, 30, 1),
(4720, 2536, 30, 1),
(4721, 2537, 30, 1),
(4722, 2330, 30, 1),
(4723, 1479, 30, 1),
(4724, 2538, 30, 1),
(4725, 431, 30, 2),
(4726, 200, 30, 1),
(4727, 2200, 30, 1),
(4728, 2539, 30, 1),
(4729, 1594, 30, 1),
(4730, 2540, 30, 1),
(4731, 793, 30, 1),
(4732, 17, 30, 1),
(4733, 551, 30, 1),
(4734, 825, 30, 2),
(4735, 174, 30, 1),
(4736, 2541, 30, 1),
(4737, 2262, 30, 3),
(4738, 2251, 30, 1),
(4739, 1697, 30, 1),
(4740, 368, 30, 1),
(4741, 1218, 30, 1),
(4742, 2542, 30, 1),
(4743, 2543, 30, 1),
(4744, 601, 30, 1),
(4745, 157, 30, 1),
(4746, 608, 30, 1),
(4747, 308, 30, 1),
(4748, 742, 30, 1),
(4749, 2280, 30, 1),
(4750, 2544, 30, 1),
(4751, 2545, 30, 1),
(4752, 2268, 30, 3),
(4753, 46, 30, 2),
(4754, 101, 30, 1),
(4755, 2234, 30, 1),
(4756, 2115, 30, 1),
(4757, 2546, 30, 1),
(4758, 173, 30, 1),
(4759, 2547, 30, 2),
(4760, 2548, 30, 1),
(4761, 1902, 30, 1),
(4762, 242, 30, 2),
(4763, 2390, 30, 1),
(4764, 2549, 30, 1),
(4765, 2550, 30, 1),
(4766, 2551, 30, 1),
(4767, 2011, 30, 1),
(4768, 722, 30, 1),
(4769, 2270, 30, 1),
(4770, 697, 30, 3),
(4771, 2552, 30, 1),
(4772, 263, 30, 1),
(4773, 1053, 30, 1),
(4774, 1432, 30, 2),
(4775, 2553, 30, 3),
(4776, 2554, 30, 3),
(4777, 290, 30, 3),
(4778, 2555, 30, 3),
(4779, 483, 30, 1),
(4780, 389, 30, 1),
(4781, 1994, 30, 1),
(4782, 2556, 30, 1),
(4783, 730, 30, 2),
(4784, 2557, 30, 1),
(4785, 2083, 30, 1),
(4786, 2558, 30, 1),
(4787, 2559, 30, 2),
(4788, 2560, 30, 1),
(4789, 329, 30, 1),
(4790, 1825, 30, 1),
(4791, 2561, 30, 1),
(4792, 2077, 30, 1),
(4793, 2562, 30, 1),
(4794, 1267, 30, 1),
(4795, 2563, 30, 1),
(4796, 2564, 30, 1),
(4797, 1331, 30, 1),
(4798, 56, 30, 1),
(4799, 106, 30, 1),
(4800, 2565, 30, 1),
(4801, 2566, 30, 1),
(4802, 298, 30, 1),
(4803, 2567, 30, 1),
(4804, 2405, 30, 1),
(4805, 134, 30, 1),
(4806, 2568, 30, 1),
(4807, 1083, 30, 1),
(4808, 2569, 30, 1),
(4809, 2570, 30, 1),
(4810, 2377, 30, 1),
(4811, 2571, 31, 2),
(4812, 2230, 31, 4),
(4813, 2383, 31, 6),
(4814, 1638, 31, 15),
(4815, 22, 31, 5),
(4816, 334, 31, 19),
(4817, 2078, 31, 4),
(4818, 1853, 31, 16),
(4819, 2572, 31, 15),
(4820, 1121, 31, 2),
(4821, 466, 31, 1),
(4822, 7, 31, 1),
(4823, 8, 31, 1),
(4824, 1700, 31, 1),
(4825, 1701, 31, 1),
(4826, 1702, 31, 1),
(4827, 2311, 31, 10),
(4828, 548, 31, 12),
(4829, 16, 31, 6),
(4830, 2070, 31, 5),
(4831, 2071, 31, 5),
(4832, 21, 31, 3),
(4833, 2234, 31, 1),
(4834, 684, 31, 1),
(4835, 2573, 31, 1),
(4836, 1070, 31, 1),
(4837, 2574, 31, 1),
(4838, 2575, 31, 1),
(4839, 2576, 31, 1),
(4840, 197, 31, 1),
(4841, 2089, 31, 1),
(4842, 2577, 31, 1),
(4843, 2356, 31, 1),
(4844, 1704, 31, 1),
(4845, 17, 31, 4),
(4846, 2578, 31, 1),
(4847, 2330, 31, 14),
(4848, 112, 31, 1),
(4849, 2371, 31, 1),
(4850, 1767, 31, 1),
(4851, 1138, 31, 1),
(4852, 2342, 31, 4),
(4853, 2082, 31, 2),
(4854, 1445, 31, 2),
(4855, 2140, 31, 4),
(4856, 263, 31, 1),
(4857, 153, 31, 2),
(4858, 826, 31, 1),
(4859, 2579, 31, 4),
(4860, 2542, 31, 3),
(4861, 1218, 31, 3),
(4862, 2386, 31, 3),
(4863, 2580, 31, 1),
(4864, 1903, 31, 2),
(4865, 2581, 31, 1),
(4866, 789, 31, 1),
(4867, 588, 31, 1),
(4868, 1239, 31, 1),
(4869, 1447, 31, 1),
(4870, 1492, 31, 1),
(4871, 308, 31, 1),
(4872, 2582, 31, 1),
(4873, 801, 31, 1),
(4874, 2318, 31, 1),
(4875, 2583, 31, 8),
(4876, 856, 31, 2),
(4877, 46, 31, 1),
(4878, 2314, 31, 2),
(4879, 508, 31, 1),
(4880, 1899, 31, 1),
(4881, 908, 31, 1),
(4882, 2584, 31, 3),
(4883, 2585, 31, 2),
(4884, 2586, 31, 1),
(4885, 2039, 31, 1),
(4886, 2587, 31, 1),
(4887, 2588, 31, 1),
(4888, 982, 31, 1),
(4889, 773, 31, 1),
(4890, 2589, 31, 1),
(4891, 157, 31, 2),
(4892, 2092, 31, 1),
(4893, 243, 31, 1),
(4894, 868, 31, 1),
(4895, 1662, 31, 1),
(4896, 1802, 31, 3),
(4897, 27, 31, 2),
(4898, 2590, 31, 1),
(4899, 1019, 31, 2),
(4900, 1217, 31, 1),
(4901, 2591, 31, 3),
(4902, 788, 31, 1),
(4903, 173, 31, 1),
(4904, 2312, 31, 1),
(4905, 686, 31, 3),
(4906, 2366, 31, 1),
(4907, 2385, 31, 1),
(4908, 2592, 31, 1),
(4909, 2593, 31, 1),
(4910, 2594, 31, 1),
(4911, 2456, 31, 1),
(4912, 2543, 31, 2),
(4913, 2412, 31, 1),
(4914, 2595, 31, 1),
(4915, 2596, 31, 2),
(4916, 2597, 31, 1),
(4917, 1943, 31, 1),
(4918, 2079, 31, 1),
(4919, 753, 31, 1),
(4920, 356, 31, 1),
(4921, 2598, 31, 1),
(4922, 1177, 31, 1),
(4923, 2328, 31, 1),
(4924, 2599, 31, 1),
(4925, 1175, 31, 1),
(4926, 2179, 31, 1),
(4927, 910, 31, 1),
(4928, 629, 31, 1),
(4929, 2355, 31, 1),
(4930, 436, 31, 1),
(4931, 225, 31, 1),
(4932, 219, 31, 2),
(4933, 2600, 31, 1),
(4934, 2372, 31, 1),
(4935, 2601, 31, 1),
(4936, 272, 31, 1),
(4937, 1485, 31, 1),
(4938, 1147, 31, 1),
(4939, 1053, 31, 1),
(4940, 2602, 31, 1),
(4941, 1341, 31, 1),
(4942, 2417, 31, 2),
(4943, 2603, 31, 1),
(4944, 1941, 31, 1),
(4945, 1783, 31, 1),
(4946, 355, 32, 10),
(4947, 2403, 32, 10),
(4948, 2402, 32, 10),
(4949, 1279, 32, 1),
(4950, 1093, 32, 6),
(4951, 74, 32, 3),
(4952, 327, 32, 4),
(4953, 1320, 32, 10),
(4954, 1985, 32, 7),
(4955, 804, 32, 2),
(4956, 467, 32, 1),
(4957, 8, 32, 1),
(4958, 1468, 32, 1),
(4959, 1496, 32, 1),
(4960, 2604, 32, 3),
(4961, 1312, 32, 1),
(4962, 1386, 32, 2),
(4963, 1387, 32, 1),
(4964, 16, 32, 1),
(4965, 1137, 32, 1),
(4966, 2605, 32, 1),
(4967, 2606, 32, 10),
(4968, 1414, 32, 5),
(4969, 1945, 32, 1),
(4970, 2219, 32, 1),
(4971, 177, 32, 1),
(4972, 580, 32, 3),
(4973, 1723, 32, 1),
(4974, 1704, 32, 2),
(4975, 2417, 32, 1),
(4976, 1555, 32, 1),
(4977, 1132, 32, 1),
(4978, 2607, 32, 1),
(4979, 185, 32, 3),
(4980, 2608, 32, 4),
(4981, 489, 32, 3),
(4982, 2609, 32, 1),
(4983, 2610, 32, 1),
(4984, 2611, 32, 1),
(4985, 2612, 32, 1),
(4986, 2413, 32, 1),
(4987, 1149, 32, 4),
(4988, 1107, 32, 1),
(4989, 315, 32, 1),
(4990, 697, 32, 1),
(4991, 674, 32, 1),
(4992, 2506, 32, 1),
(4993, 2613, 32, 4),
(4994, 1341, 32, 1),
(4995, 51, 32, 1),
(4996, 1999, 32, 1),
(4997, 2614, 32, 1),
(4998, 393, 32, 2),
(4999, 2615, 32, 1),
(5000, 1833, 32, 1),
(5001, 389, 32, 1),
(5002, 328, 32, 1),
(5003, 2616, 32, 1),
(5004, 2617, 32, 1),
(5005, 2618, 32, 1),
(5006, 102, 32, 2),
(5007, 1069, 32, 1),
(5008, 77, 32, 1),
(5009, 1263, 32, 1),
(5010, 2142, 32, 1),
(5011, 463, 32, 1),
(5012, 242, 32, 1),
(5013, 1092, 32, 2),
(5014, 1208, 32, 2),
(5015, 2189, 32, 1),
(5016, 117, 32, 1),
(5017, 2160, 32, 1),
(5018, 2619, 32, 1),
(5019, 526, 32, 1),
(5020, 189, 32, 1),
(5021, 1344, 32, 1),
(5022, 388, 32, 1),
(5023, 361, 32, 1),
(5024, 1047, 32, 1),
(5025, 1942, 32, 1),
(5026, 2568, 32, 1),
(5027, 2620, 32, 1),
(5028, 1322, 32, 1),
(5029, 471, 33, 6),
(5030, 848, 33, 3),
(5031, 1121, 33, 8),
(5032, 2621, 33, 3),
(5033, 381, 33, 4),
(5034, 2622, 33, 7),
(5035, 313, 33, 2),
(5036, 7, 33, 1),
(5037, 8, 33, 1),
(5038, 1655, 33, 1),
(5039, 1656, 33, 1),
(5040, 1006, 33, 1),
(5041, 476, 33, 3),
(5042, 2623, 33, 3),
(5043, 2624, 33, 3),
(5044, 2625, 33, 3),
(5045, 2626, 33, 3),
(5046, 16, 33, 2),
(5047, 2627, 33, 1),
(5048, 1706, 33, 4),
(5049, 1766, 33, 5),
(5050, 1767, 33, 3),
(5051, 2628, 33, 6),
(5052, 2629, 33, 5),
(5053, 2630, 33, 1),
(5054, 2631, 33, 1),
(5055, 2632, 33, 1),
(5056, 513, 33, 6),
(5057, 2573, 33, 1),
(5058, 1813, 33, 1),
(5059, 1092, 33, 1),
(5060, 1555, 33, 1),
(5061, 533, 33, 1),
(5062, 2155, 33, 1),
(5063, 389, 33, 3),
(5064, 1563, 33, 1),
(5065, 2633, 33, 1),
(5066, 837, 33, 2),
(5067, 2634, 33, 9),
(5068, 2372, 33, 4),
(5069, 2328, 33, 4),
(5070, 216, 33, 1),
(5071, 2417, 33, 3),
(5072, 2635, 33, 1),
(5073, 2636, 33, 1),
(5074, 2637, 33, 1),
(5075, 2638, 33, 2),
(5076, 1744, 33, 1),
(5077, 474, 33, 1),
(5078, 1712, 33, 1),
(5079, 615, 33, 6),
(5080, 835, 33, 1),
(5081, 583, 33, 1),
(5082, 417, 33, 1),
(5083, 1113, 33, 1),
(5084, 544, 33, 2),
(5085, 44, 33, 1),
(5086, 298, 33, 1),
(5087, 2639, 33, 2),
(5088, 267, 33, 1),
(5089, 2640, 33, 1),
(5090, 1704, 33, 1),
(5091, 2641, 33, 1),
(5092, 2642, 33, 1),
(5093, 622, 33, 1),
(5094, 1439, 33, 1),
(5095, 322, 33, 3),
(5096, 461, 33, 1),
(5097, 1447, 33, 1),
(5098, 27, 33, 1),
(5099, 807, 33, 1),
(5100, 575, 33, 1),
(5101, 2643, 33, 1),
(5102, 2644, 33, 1),
(5103, 489, 33, 1),
(5104, 158, 33, 1),
(5105, 312, 33, 4),
(5106, 1987, 33, 1),
(5107, 1547, 33, 1),
(5108, 154, 33, 2),
(5109, 1561, 33, 1),
(5110, 1081, 33, 1),
(5111, 1734, 33, 1),
(5112, 2645, 33, 1),
(5113, 1559, 33, 1),
(5114, 2646, 33, 1),
(5115, 1234, 33, 1),
(5116, 357, 33, 1),
(5117, 894, 33, 1),
(5118, 1703, 33, 1),
(5119, 774, 33, 1),
(5120, 2647, 33, 1),
(5121, 697, 33, 1),
(5122, 243, 33, 1),
(5123, 1305, 33, 1),
(5124, 17, 33, 1),
(5125, 332, 33, 1),
(5126, 254, 33, 1),
(5127, 412, 33, 2),
(5128, 1782, 33, 8),
(5129, 21, 33, 2),
(5130, 2, 33, 5),
(5131, 161, 33, 1),
(5132, 391, 33, 1),
(5133, 772, 33, 1),
(5134, 759, 33, 1),
(5135, 1435, 33, 1),
(5136, 2568, 33, 1),
(5137, 260, 33, 1),
(5138, 1673, 33, 1),
(5139, 2648, 33, 1),
(5140, 526, 33, 1),
(5141, 2016, 33, 1),
(5142, 2179, 33, 5),
(5143, 2180, 33, 2),
(5144, 2649, 33, 1),
(5145, 2338, 33, 4),
(5146, 334, 33, 1),
(5147, 1047, 33, 3),
(5148, 561, 33, 2),
(5149, 2650, 33, 2),
(5150, 2651, 33, 4),
(5151, 2652, 33, 1),
(5152, 307, 33, 1),
(5153, 1696, 33, 1),
(5154, 910, 33, 1),
(5155, 629, 33, 1),
(5156, 356, 33, 1),
(5157, 1, 33, 1),
(5158, 162, 33, 1),
(5159, 2653, 33, 2),
(5160, 2654, 33, 1),
(5161, 2655, 33, 1),
(5162, 2656, 33, 1),
(5163, 2657, 33, 1),
(5164, 289, 33, 1),
(5165, 2658, 33, 1),
(5166, 586, 33, 1),
(5167, 730, 34, 3),
(5168, 1993, 34, 3),
(5169, 536, 34, 3),
(5170, 1399, 34, 31),
(5171, 313, 34, 1),
(5172, 7, 34, 1),
(5173, 8, 34, 1),
(5174, 2659, 34, 2),
(5175, 2660, 34, 2),
(5176, 2661, 34, 2),
(5177, 2662, 34, 2),
(5178, 2663, 34, 2),
(5179, 2664, 34, 2),
(5180, 2665, 34, 2),
(5181, 2666, 34, 3),
(5182, 689, 34, 5),
(5183, 2667, 34, 1),
(5184, 2668, 34, 9),
(5185, 2669, 34, 2),
(5186, 2670, 34, 2),
(5187, 2671, 34, 1),
(5188, 331, 34, 2),
(5189, 1186, 34, 26),
(5190, 2672, 34, 1),
(5191, 2673, 34, 1),
(5192, 1835, 34, 2),
(5193, 2674, 34, 1),
(5194, 2675, 34, 1),
(5195, 16, 34, 3),
(5196, 389, 34, 8),
(5197, 2676, 34, 1),
(5198, 1069, 34, 1),
(5199, 1537, 34, 1),
(5200, 2677, 34, 2),
(5201, 2188, 34, 1),
(5202, 576, 34, 1),
(5203, 2678, 34, 1),
(5204, 2679, 34, 1),
(5205, 2680, 34, 1),
(5206, 2681, 34, 1),
(5207, 1055, 34, 1),
(5208, 2682, 34, 1),
(5209, 2683, 34, 1),
(5210, 2684, 34, 1),
(5211, 428, 34, 1),
(5212, 369, 34, 1),
(5213, 106, 34, 1),
(5214, 728, 34, 1),
(5215, 708, 34, 1),
(5216, 1827, 34, 1),
(5217, 2685, 34, 1),
(5218, 2686, 34, 1),
(5219, 2687, 34, 1),
(5220, 2142, 34, 1),
(5221, 2223, 34, 1),
(5222, 2688, 34, 5),
(5223, 2689, 34, 1),
(5224, 1426, 34, 1),
(5225, 602, 34, 3),
(5226, 1149, 34, 1),
(5227, 235, 34, 1),
(5228, 290, 34, 2),
(5229, 2061, 34, 2),
(5230, 2690, 34, 2),
(5231, 2062, 34, 4),
(5232, 2691, 34, 1),
(5233, 2013, 34, 1),
(5234, 2692, 34, 1),
(5235, 344, 34, 2),
(5236, 2693, 34, 1),
(5237, 770, 34, 5),
(5238, 467, 34, 3),
(5239, 1942, 34, 1),
(5240, 1430, 34, 1),
(5241, 513, 34, 3),
(5242, 2694, 34, 1),
(5243, 2050, 34, 1),
(5244, 2695, 34, 9),
(5245, 550, 34, 11),
(5246, 1193, 34, 20),
(5247, 1198, 34, 2),
(5248, 857, 34, 8),
(5249, 1199, 34, 14),
(5250, 24, 34, 7),
(5251, 1194, 34, 2),
(5252, 354, 34, 1),
(5253, 2696, 34, 1),
(5254, 1267, 34, 2),
(5255, 1195, 34, 7),
(5256, 870, 34, 2),
(5257, 1316, 34, 2),
(5258, 723, 34, 1),
(5259, 615, 34, 5),
(5260, 1317, 34, 9),
(5261, 2697, 34, 9),
(5262, 2698, 34, 26),
(5263, 1178, 34, 2),
(5264, 1500, 34, 2),
(5265, 646, 34, 6),
(5266, 1838, 34, 4),
(5267, 2699, 34, 4),
(5268, 1265, 34, 1),
(5269, 147, 34, 2),
(5270, 333, 34, 7),
(5271, 334, 34, 3),
(5272, 554, 34, 2),
(5273, 1311, 34, 2),
(5274, 91, 34, 1),
(5275, 443, 34, 1),
(5276, 1048, 34, 1),
(5277, 2700, 34, 1),
(5278, 312, 34, 1),
(5279, 1703, 34, 1),
(5280, 1766, 34, 1),
(5281, 2113, 34, 1),
(5282, 28, 34, 1),
(5283, 31, 34, 1),
(5284, 125, 34, 3),
(5285, 2701, 34, 1),
(5286, 518, 34, 1),
(5287, 2384, 34, 1),
(5288, 382, 34, 2),
(5289, 2702, 34, 2),
(5290, 2703, 34, 1),
(5291, 203, 34, 1),
(5292, 572, 34, 1),
(5293, 2167, 34, 1),
(5294, 582, 34, 2),
(5295, 1625, 34, 1),
(5296, 2704, 34, 1),
(5297, 1641, 34, 1),
(5298, 1280, 34, 9),
(5299, 1281, 34, 3),
(5300, 1390, 34, 6),
(5301, 17, 34, 2),
(5302, 459, 34, 2),
(5303, 1402, 34, 2),
(5304, 1241, 34, 4),
(5305, 1184, 34, 4),
(5306, 134, 34, 3),
(5307, 267, 34, 1),
(5308, 272, 34, 1),
(5309, 2705, 34, 1),
(5310, 2706, 34, 1),
(5311, 2707, 34, 1),
(5312, 2708, 34, 1),
(5313, 1695, 34, 1),
(5314, 856, 34, 1),
(5315, 1420, 34, 1),
(5316, 2568, 34, 3),
(5317, 2057, 34, 1),
(5318, 1557, 34, 1),
(5319, 1287, 34, 8),
(5320, 322, 34, 2),
(5321, 613, 34, 1),
(5322, 2709, 34, 4),
(5323, 2710, 34, 4),
(5324, 2711, 34, 1),
(5325, 2291, 34, 1),
(5326, 845, 34, 2),
(5327, 44, 34, 3),
(5328, 2712, 34, 1),
(5329, 1998, 34, 1),
(5330, 417, 34, 1),
(5331, 962, 34, 2),
(5332, 1137, 34, 9),
(5333, 2713, 34, 6),
(5334, 2714, 34, 1),
(5335, 562, 34, 2),
(5336, 767, 34, 1),
(5337, 541, 34, 2),
(5338, 844, 34, 1),
(5339, 1425, 34, 1),
(5340, 683, 34, 1),
(5341, 461, 34, 4),
(5342, 197, 34, 3),
(5343, 1097, 34, 1),
(5344, 674, 34, 2),
(5345, 1797, 34, 2),
(5346, 2715, 34, 1),
(5347, 2716, 34, 1),
(5348, 2717, 34, 1),
(5349, 2718, 34, 1),
(5350, 121, 34, 1),
(5351, 254, 34, 1),
(5352, 2493, 34, 1),
(5353, 551, 34, 2),
(5354, 2719, 34, 1),
(5355, 2720, 34, 1),
(5356, 2721, 34, 1),
(5357, 929, 34, 2),
(5358, 2722, 34, 1),
(5359, 232, 34, 1),
(5360, 1664, 34, 2),
(5361, 2723, 34, 1),
(5362, 1439, 34, 2),
(5363, 1626, 34, 1),
(5364, 2724, 34, 1),
(5365, 1163, 34, 2),
(5366, 175, 34, 1),
(5367, 2234, 34, 2),
(5368, 153, 34, 1),
(5369, 706, 34, 2),
(5370, 2725, 34, 1),
(5371, 1955, 34, 1),
(5372, 339, 34, 4),
(5373, 2726, 34, 1),
(5374, 2727, 34, 1),
(5375, 157, 34, 6),
(5376, 789, 34, 3),
(5377, 2640, 34, 1),
(5378, 2728, 34, 3),
(5379, 2729, 34, 2),
(5380, 1705, 34, 2),
(5381, 651, 34, 1),
(5382, 177, 34, 1),
(5383, 710, 34, 1),
(5384, 956, 34, 1),
(5385, 1407, 34, 1),
(5386, 1187, 34, 3),
(5387, 2730, 34, 1),
(5388, 2731, 34, 2),
(5389, 1275, 34, 2),
(5390, 552, 34, 2),
(5391, 2732, 34, 2),
(5392, 1105, 34, 1),
(5393, 151, 34, 3),
(5394, 1313, 34, 2),
(5395, 1314, 34, 2),
(5396, 705, 34, 2),
(5397, 229, 34, 1),
(5398, 1168, 34, 1),
(5399, 2733, 34, 1),
(5400, 432, 34, 1),
(5401, 436, 34, 6),
(5402, 2734, 34, 1),
(5403, 2735, 34, 1),
(5404, 1988, 34, 1),
(5405, 1254, 34, 2),
(5406, 1289, 34, 7),
(5407, 1290, 34, 1),
(5408, 1330, 34, 2),
(5409, 2736, 34, 2),
(5410, 2737, 34, 1),
(5411, 430, 34, 3),
(5412, 307, 34, 1),
(5413, 2738, 34, 1),
(5414, 2739, 34, 2),
(5415, 2740, 34, 1),
(5416, 584, 34, 2),
(5417, 2741, 34, 1),
(5418, 174, 34, 1),
(5419, 464, 34, 1),
(5420, 226, 34, 2),
(5421, 886, 34, 2),
(5422, 2742, 34, 1),
(5423, 2743, 34, 1),
(5424, 2744, 34, 1),
(5425, 2745, 34, 2),
(5426, 2746, 34, 1),
(5427, 507, 34, 2),
(5428, 2747, 34, 1),
(5429, 2748, 34, 1),
(5430, 2749, 34, 1),
(5431, 2750, 34, 1),
(5432, 2751, 34, 1),
(5433, 2752, 34, 2),
(5434, 2753, 34, 4),
(5435, 2754, 34, 2),
(5436, 570, 34, 1),
(5437, 1219, 34, 2),
(5438, 2755, 34, 2),
(5439, 2756, 34, 1),
(5440, 632, 34, 1),
(5441, 1563, 34, 1),
(5442, 223, 34, 3),
(5443, 901, 34, 2),
(5444, 1808, 34, 1),
(5445, 837, 34, 1),
(5446, 2757, 34, 1),
(5447, 419, 34, 1),
(5448, 2758, 34, 1),
(5449, 341, 34, 1),
(5450, 1545, 34, 5),
(5451, 2759, 34, 1),
(5452, 2760, 34, 1),
(5453, 2761, 34, 1),
(5454, 1172, 34, 1),
(5455, 1837, 34, 1),
(5456, 2762, 34, 1),
(5457, 733, 34, 1),
(5458, 1174, 34, 1),
(5459, 2763, 34, 1),
(5460, 2657, 34, 1),
(5461, 1001, 34, 1),
(5462, 846, 34, 1),
(5463, 2764, 34, 1),
(5464, 2765, 34, 1),
(5465, 231, 34, 1),
(5466, 1492, 34, 4),
(5467, 2766, 34, 1),
(5468, 21, 34, 1),
(5469, 1450, 34, 1),
(5470, 1379, 34, 1),
(5471, 338, 34, 1),
(5472, 2767, 34, 1),
(5473, 2768, 34, 1),
(5474, 2769, 34, 1),
(5475, 999, 34, 1),
(5476, 664, 34, 1),
(5477, 2770, 34, 3),
(5478, 1252, 34, 2),
(5479, 1847, 34, 1),
(5480, 2771, 34, 2),
(5481, 800, 34, 2),
(5482, 83, 34, 2),
(5483, 2772, 34, 1),
(5484, 727, 34, 1),
(5485, 890, 34, 2),
(5486, 2060, 34, 1),
(5487, 129, 34, 1),
(5488, 725, 34, 1),
(5489, 798, 34, 2),
(5490, 2773, 34, 2),
(5491, 2774, 34, 2),
(5492, 2775, 34, 2),
(5493, 34, 34, 1),
(5494, 225, 34, 1),
(5495, 345, 34, 1),
(5496, 2776, 34, 1),
(5497, 1160, 34, 1),
(5498, 10, 34, 1),
(5499, 2777, 34, 1),
(5500, 1092, 34, 1),
(5501, 381, 34, 1),
(5502, 1489, 34, 1),
(5503, 2778, 34, 1),
(5504, 72, 34, 1),
(5505, 2779, 34, 2),
(5506, 836, 34, 1),
(5507, 2780, 34, 1),
(5508, 2781, 34, 1),
(5509, 2782, 34, 1),
(5510, 2783, 34, 1),
(5511, 321, 34, 1),
(5512, 2784, 34, 1),
(5513, 1654, 34, 1),
(5514, 1584, 34, 1),
(5515, 2785, 34, 1),
(5516, 2786, 34, 1),
(5517, 2787, 34, 1),
(5518, 2788, 34, 1),
(5519, 1123, 34, 2),
(5520, 1404, 34, 1),
(5521, 2471, 34, 2),
(5522, 1315, 34, 2),
(5523, 1332, 34, 1),
(5524, 388, 34, 1),
(5525, 1400, 34, 1),
(5526, 71, 34, 1),
(5527, 1228, 34, 1),
(5528, 308, 34, 4),
(5529, 2789, 34, 2),
(5530, 2790, 34, 1),
(5531, 2791, 34, 1),
(5532, 2792, 34, 1),
(5533, 2793, 34, 1),
(5534, 2631, 34, 1),
(5535, 1109, 34, 2),
(5536, 520, 34, 1),
(5537, 838, 34, 1),
(5538, 2794, 34, 1),
(5539, 2795, 34, 1),
(5540, 1169, 34, 1),
(5541, 1351, 34, 1),
(5542, 1368, 34, 1),
(5543, 2796, 34, 1),
(5544, 2797, 34, 1),
(5545, 356, 34, 1),
(5546, 2798, 34, 1),
(5547, 1309, 34, 1),
(5548, 2799, 34, 1),
(5549, 2800, 34, 1),
(5550, 2801, 34, 1),
(5551, 1259, 34, 3),
(5552, 2802, 34, 1),
(5553, 2803, 34, 1),
(5554, 2804, 34, 2),
(5555, 2805, 34, 1),
(5556, 1047, 34, 2),
(5557, 158, 34, 1),
(5558, 306, 34, 1);
INSERT INTO `indexing` (`id`, `kata_id`, `dokumen_id`, `t_frequency`) VALUES
(5559, 669, 34, 1),
(5560, 2806, 34, 1),
(5561, 2807, 34, 1),
(5562, 457, 34, 1),
(5563, 549, 34, 1),
(5564, 155, 34, 1),
(5565, 2808, 34, 2),
(5566, 2809, 34, 1),
(5567, 1153, 34, 1),
(5568, 2810, 34, 2),
(5569, 2811, 34, 1),
(5570, 1150, 34, 1),
(5571, 69, 34, 1),
(5572, 2812, 34, 1),
(5573, 2813, 34, 1),
(5574, 1796, 34, 1),
(5575, 2814, 34, 1),
(5576, 2815, 34, 2),
(5577, 2816, 34, 2),
(5578, 802, 34, 2),
(5579, 463, 34, 1),
(5580, 751, 34, 1),
(5581, 863, 35, 2),
(5582, 836, 35, 19),
(5583, 2817, 35, 13),
(5584, 2818, 35, 7),
(5585, 2789, 35, 8),
(5586, 2819, 35, 6),
(5587, 1141, 35, 6),
(5588, 2820, 35, 3),
(5589, 2455, 35, 2),
(5590, 864, 35, 2),
(5591, 7, 35, 1),
(5592, 8, 35, 1),
(5593, 1469, 35, 1),
(5594, 1586, 35, 1),
(5595, 590, 35, 1),
(5596, 1588, 35, 4),
(5597, 926, 35, 4),
(5598, 2821, 35, 7),
(5599, 2822, 35, 4),
(5600, 16, 35, 4),
(5601, 580, 35, 1),
(5602, 1170, 35, 1),
(5603, 56, 35, 1),
(5604, 825, 35, 4),
(5605, 1039, 35, 1),
(5606, 2823, 35, 1),
(5607, 2824, 35, 1),
(5608, 1219, 35, 3),
(5609, 2825, 35, 2),
(5610, 1019, 35, 3),
(5611, 2090, 35, 1),
(5612, 36, 35, 1),
(5613, 2548, 35, 1),
(5614, 2525, 35, 1),
(5615, 2518, 35, 1),
(5616, 872, 35, 2),
(5617, 2424, 35, 2),
(5618, 2174, 35, 2),
(5619, 2826, 35, 1),
(5620, 2827, 35, 2),
(5621, 2828, 35, 1),
(5622, 167, 35, 1),
(5623, 2829, 35, 1),
(5624, 2830, 35, 2),
(5625, 1603, 35, 1),
(5626, 271, 35, 1),
(5627, 47, 35, 1),
(5628, 2831, 35, 1),
(5629, 2832, 35, 1),
(5630, 99, 35, 1),
(5631, 474, 35, 1),
(5632, 1447, 35, 1),
(5633, 2833, 35, 1),
(5634, 2582, 35, 1),
(5635, 1168, 35, 2),
(5636, 2834, 35, 1),
(5637, 2835, 35, 1),
(5638, 464, 35, 1),
(5639, 324, 35, 1),
(5640, 299, 35, 2),
(5641, 2836, 35, 2),
(5642, 2317, 35, 1),
(5643, 2837, 35, 1),
(5644, 2838, 35, 1),
(5645, 21, 35, 4),
(5646, 24, 35, 3),
(5647, 1123, 35, 4),
(5648, 759, 35, 1),
(5649, 2839, 35, 1),
(5650, 104, 35, 1),
(5651, 2840, 35, 2),
(5652, 1266, 35, 1),
(5653, 2841, 35, 1),
(5654, 162, 35, 8),
(5655, 442, 35, 3),
(5656, 26, 35, 1),
(5657, 1107, 35, 1),
(5658, 163, 35, 2),
(5659, 2842, 35, 1),
(5660, 2843, 35, 2),
(5661, 508, 35, 1),
(5662, 789, 35, 2),
(5663, 2461, 35, 1),
(5664, 2844, 35, 1),
(5665, 248, 35, 1),
(5666, 2845, 35, 1),
(5667, 2846, 35, 1),
(5668, 736, 35, 1),
(5669, 2140, 35, 1),
(5670, 91, 35, 1),
(5671, 2847, 35, 1),
(5672, 492, 35, 1),
(5673, 518, 35, 1),
(5674, 2848, 35, 1),
(5675, 427, 35, 1),
(5676, 951, 35, 1),
(5677, 890, 35, 1),
(5678, 2038, 35, 1),
(5679, 1295, 35, 2),
(5680, 2849, 35, 1),
(5681, 441, 35, 1),
(5682, 886, 35, 1),
(5683, 1562, 35, 2),
(5684, 368, 35, 1),
(5685, 2850, 35, 1),
(5686, 2851, 35, 1),
(5687, 2852, 35, 1),
(5688, 2853, 35, 1),
(5689, 2854, 35, 1),
(5690, 112, 35, 1),
(5691, 2366, 35, 1),
(5692, 826, 35, 1),
(5693, 2855, 35, 1),
(5694, 46, 35, 2),
(5695, 57, 35, 1),
(5696, 2856, 35, 1),
(5697, 2155, 35, 1),
(5698, 2414, 35, 1),
(5699, 933, 35, 1),
(5700, 2857, 35, 1),
(5701, 2858, 35, 1),
(5702, 2859, 35, 1),
(5703, 2860, 35, 1),
(5704, 2861, 35, 1),
(5705, 2862, 35, 1),
(5706, 1621, 35, 1),
(5707, 2360, 36, 1),
(5708, 1853, 36, 1),
(5709, 389, 36, 13),
(5710, 1149, 36, 5),
(5711, 1138, 36, 2),
(5712, 1985, 36, 41),
(5713, 313, 36, 1),
(5714, 7, 36, 1),
(5715, 8, 36, 1),
(5716, 2863, 36, 1),
(5717, 2126, 36, 1),
(5718, 2864, 36, 1),
(5719, 2865, 36, 1),
(5720, 2866, 36, 1),
(5721, 2665, 36, 1),
(5722, 2666, 36, 1),
(5723, 853, 36, 2),
(5724, 1320, 36, 15),
(5725, 1263, 36, 4),
(5726, 2867, 36, 2),
(5727, 2868, 36, 1),
(5728, 16, 36, 6),
(5729, 320, 36, 4),
(5730, 2869, 36, 4),
(5731, 321, 36, 4),
(5732, 2870, 36, 1),
(5733, 2871, 36, 4),
(5734, 1730, 36, 1),
(5735, 2872, 36, 1),
(5736, 2873, 36, 1),
(5737, 826, 36, 1),
(5738, 1537, 36, 2),
(5739, 211, 36, 1),
(5740, 2874, 36, 1),
(5741, 2875, 36, 1),
(5742, 2876, 36, 1),
(5743, 2877, 36, 1),
(5744, 334, 36, 1),
(5745, 1999, 36, 1),
(5746, 2142, 36, 2),
(5747, 2878, 36, 1),
(5748, 1341, 36, 1),
(5749, 1994, 36, 4),
(5750, 580, 36, 6),
(5751, 2604, 36, 9),
(5752, 582, 36, 2),
(5753, 1132, 36, 10),
(5754, 2879, 36, 1),
(5755, 2150, 36, 8),
(5756, 697, 36, 3),
(5757, 474, 36, 15),
(5758, 2880, 36, 1),
(5759, 2168, 36, 1),
(5760, 2789, 36, 1),
(5761, 17, 36, 5),
(5762, 2881, 36, 3),
(5763, 1897, 36, 1),
(5764, 19, 36, 1),
(5765, 2313, 36, 1),
(5766, 253, 36, 6),
(5767, 2882, 36, 8),
(5768, 788, 36, 5),
(5769, 2883, 36, 1),
(5770, 2608, 36, 12),
(5771, 455, 36, 1),
(5772, 2652, 36, 1),
(5773, 2884, 36, 4),
(5774, 1601, 36, 1),
(5775, 2575, 36, 3),
(5776, 893, 36, 1),
(5777, 953, 36, 2),
(5778, 2885, 36, 2),
(5779, 2886, 36, 5),
(5780, 2887, 36, 6),
(5781, 1178, 36, 2),
(5782, 664, 36, 3),
(5783, 2888, 36, 2),
(5784, 551, 36, 2),
(5785, 2889, 36, 2),
(5786, 444, 36, 2),
(5787, 1414, 36, 9),
(5788, 828, 36, 1),
(5789, 430, 36, 3),
(5790, 2890, 36, 1),
(5791, 774, 36, 3),
(5792, 184, 36, 1),
(5793, 2291, 36, 2),
(5794, 1276, 36, 1),
(5795, 2691, 36, 1),
(5796, 121, 36, 1),
(5797, 2891, 36, 1),
(5798, 753, 36, 1),
(5799, 2892, 36, 1),
(5800, 2893, 36, 1),
(5801, 2798, 36, 1),
(5802, 2097, 36, 2),
(5803, 2894, 36, 1),
(5804, 2895, 36, 1),
(5805, 2896, 36, 1),
(5806, 1523, 36, 1),
(5807, 1973, 36, 1),
(5808, 1227, 36, 1),
(5809, 483, 36, 2),
(5810, 1723, 36, 1),
(5811, 1704, 36, 7),
(5812, 2897, 36, 4),
(5813, 759, 36, 7),
(5814, 2898, 36, 1),
(5815, 1903, 36, 1),
(5816, 1146, 36, 2),
(5817, 1545, 36, 1),
(5818, 1340, 36, 4),
(5819, 21, 36, 3),
(5820, 2606, 36, 3),
(5821, 2899, 36, 2),
(5822, 459, 36, 3),
(5823, 24, 36, 4),
(5824, 2155, 36, 1),
(5825, 645, 36, 1),
(5826, 973, 36, 2),
(5827, 1069, 36, 2),
(5828, 57, 36, 2),
(5829, 2900, 36, 4),
(5830, 255, 36, 1),
(5831, 1378, 36, 2),
(5832, 73, 36, 1),
(5833, 1295, 36, 6),
(5834, 2901, 36, 1),
(5835, 2902, 36, 1),
(5836, 177, 36, 2),
(5837, 112, 36, 1),
(5838, 2903, 36, 1),
(5839, 2904, 36, 1),
(5840, 2905, 36, 1),
(5841, 2906, 36, 1),
(5842, 2907, 36, 1),
(5843, 1698, 36, 1),
(5844, 733, 36, 3),
(5845, 330, 36, 1),
(5846, 2908, 36, 1),
(5847, 2909, 36, 3),
(5848, 739, 36, 2),
(5849, 1710, 36, 2),
(5850, 167, 36, 2),
(5851, 304, 36, 1),
(5852, 2910, 36, 1),
(5853, 372, 36, 1),
(5854, 2911, 36, 1),
(5855, 2417, 36, 1),
(5856, 2912, 36, 1),
(5857, 2913, 36, 1),
(5858, 2914, 36, 2),
(5859, 2915, 36, 1),
(5860, 2771, 36, 2),
(5861, 2916, 36, 1),
(5862, 429, 36, 1),
(5863, 491, 36, 1),
(5864, 58, 36, 2),
(5865, 2471, 36, 1),
(5866, 2917, 36, 1),
(5867, 2918, 36, 1),
(5868, 20, 36, 1),
(5869, 2919, 36, 1),
(5870, 2920, 36, 1),
(5871, 2546, 36, 1),
(5872, 2621, 36, 1),
(5873, 2372, 36, 2),
(5874, 1141, 36, 1),
(5875, 780, 36, 1),
(5876, 2921, 36, 1),
(5877, 898, 36, 1),
(5878, 1708, 36, 1),
(5879, 538, 36, 1),
(5880, 1243, 36, 2),
(5881, 2922, 36, 1),
(5882, 2923, 36, 1),
(5883, 101, 36, 2),
(5884, 2924, 36, 2),
(5885, 56, 36, 1),
(5886, 2925, 36, 1),
(5887, 2926, 36, 1),
(5888, 789, 36, 1),
(5889, 513, 36, 1),
(5890, 2384, 36, 1),
(5891, 825, 36, 1),
(5892, 33, 36, 2),
(5893, 2676, 36, 1),
(5894, 2927, 36, 1),
(5895, 2928, 36, 1),
(5896, 1089, 36, 1),
(5897, 2110, 36, 1),
(5898, 2519, 36, 1),
(5899, 2397, 36, 1),
(5900, 2929, 36, 1),
(5901, 2089, 36, 1),
(5902, 331, 36, 1),
(5903, 2930, 36, 1),
(5904, 2931, 36, 1),
(5905, 2932, 36, 1),
(5906, 2933, 36, 4),
(5907, 2786, 36, 1),
(5908, 285, 36, 1),
(5909, 834, 36, 2),
(5910, 1031, 36, 1),
(5911, 2934, 36, 1),
(5912, 1331, 36, 1),
(5913, 129, 36, 1),
(5914, 1192, 36, 2),
(5915, 1351, 36, 1),
(5916, 2935, 36, 1),
(5917, 269, 36, 1),
(5918, 1731, 36, 1),
(5919, 1245, 36, 1),
(5920, 409, 36, 1),
(5921, 2936, 36, 1),
(5922, 805, 36, 2),
(5923, 778, 36, 1),
(5924, 705, 36, 1),
(5925, 2937, 36, 1),
(5926, 2938, 36, 1),
(5927, 307, 36, 3),
(5928, 1085, 36, 4),
(5929, 508, 36, 1),
(5930, 798, 36, 1),
(5931, 1302, 36, 1),
(5932, 534, 36, 1),
(5933, 1771, 36, 1),
(5934, 1090, 36, 1),
(5935, 707, 36, 1),
(5936, 2493, 36, 1),
(5937, 441, 36, 7),
(5938, 2224, 36, 3),
(5939, 1445, 36, 1),
(5940, 2078, 36, 1),
(5941, 2939, 36, 1),
(5942, 1766, 36, 1),
(5943, 615, 36, 1),
(5944, 1916, 36, 1),
(5945, 2940, 36, 1),
(5946, 2941, 36, 1),
(5947, 1208, 36, 2),
(5948, 2189, 36, 2),
(5949, 608, 36, 1),
(5950, 839, 36, 1),
(5951, 2758, 36, 2),
(5952, 2942, 36, 1),
(5953, 2943, 36, 1),
(5954, 2615, 36, 2),
(5955, 2944, 36, 1),
(5956, 421, 36, 1),
(5957, 577, 36, 2),
(5958, 1344, 36, 1),
(5959, 355, 36, 5),
(5960, 242, 36, 2),
(5961, 1240, 36, 1),
(5962, 801, 36, 2),
(5963, 2945, 36, 1),
(5964, 999, 36, 1),
(5965, 2946, 36, 1),
(5966, 225, 36, 2),
(5967, 800, 36, 1),
(5968, 233, 36, 1),
(5969, 49, 36, 1),
(5970, 1252, 36, 1),
(5971, 1282, 36, 1),
(5972, 2947, 36, 1),
(5973, 2614, 36, 1),
(5974, 2403, 36, 6),
(5975, 2402, 36, 6),
(5976, 2948, 36, 1),
(5977, 381, 36, 1),
(5978, 227, 36, 1),
(5979, 1114, 36, 1),
(5980, 2949, 36, 1),
(5981, 674, 36, 1),
(5982, 526, 36, 1),
(5983, 2609, 36, 1),
(5984, 2610, 36, 1),
(5985, 2950, 36, 3),
(5986, 1047, 36, 1),
(5987, 1093, 36, 1),
(5988, 2951, 36, 1),
(5989, 70, 36, 4),
(5990, 2413, 36, 1),
(5991, 856, 36, 1),
(5992, 2952, 36, 2),
(5993, 154, 36, 2),
(5994, 1116, 36, 1),
(5995, 1321, 36, 1),
(5996, 2953, 36, 1),
(5997, 2954, 36, 1),
(5998, 910, 36, 1),
(5999, 942, 36, 1),
(6000, 63, 36, 1),
(6001, 2353, 36, 1),
(6002, 2955, 36, 1),
(6003, 388, 36, 2),
(6004, 364, 36, 1),
(6005, 358, 36, 1),
(6006, 356, 36, 1),
(6007, 2956, 36, 1),
(6008, 1244, 36, 1),
(6009, 2160, 36, 1),
(6010, 2957, 36, 5),
(6011, 2958, 36, 2),
(6012, 352, 36, 2),
(6013, 76, 36, 1),
(6014, 2139, 36, 1),
(6015, 2959, 36, 1),
(6016, 2262, 36, 1),
(6017, 2960, 36, 2),
(6018, 2961, 36, 1),
(6019, 2962, 36, 1),
(6020, 2963, 36, 3),
(6021, 2964, 36, 1),
(6022, 2965, 36, 1),
(6023, 845, 36, 1),
(6024, 2807, 36, 1),
(6025, 1485, 36, 1),
(6026, 2090, 36, 1),
(6027, 393, 36, 1),
(6028, 328, 36, 3),
(6029, 51, 36, 1),
(6030, 890, 36, 1),
(6031, 1264, 36, 1),
(6032, 2966, 36, 1),
(6033, 2967, 36, 1),
(6034, 72, 36, 1),
(6035, 728, 36, 1),
(6036, 2968, 36, 1),
(6037, 1946, 36, 1),
(6038, 480, 36, 5),
(6039, 2613, 36, 2),
(6040, 2969, 36, 1),
(6041, 433, 36, 1),
(6042, 2970, 36, 2),
(6043, 2971, 36, 1),
(6044, 2972, 36, 1),
(6045, 2973, 36, 1),
(6046, 2338, 36, 1),
(6047, 147, 36, 1),
(6048, 1441, 36, 1),
(6049, 2179, 36, 1),
(6050, 2974, 36, 1),
(6051, 2975, 36, 1),
(6052, 458, 36, 1),
(6053, 1048, 36, 1),
(6054, 1209, 36, 1),
(6055, 290, 36, 1),
(6056, 2976, 36, 1),
(6057, 1834, 37, 3),
(6058, 685, 37, 3),
(6059, 19, 37, 3),
(6060, 774, 37, 16),
(6061, 466, 37, 1),
(6062, 7, 37, 1),
(6063, 8, 37, 1),
(6064, 813, 37, 1),
(6065, 814, 37, 1),
(6066, 16, 37, 1),
(6067, 92, 37, 1),
(6068, 2977, 37, 1),
(6069, 2978, 37, 1),
(6070, 153, 37, 4),
(6071, 2979, 37, 1),
(6072, 2980, 37, 1),
(6073, 2981, 37, 1),
(6074, 176, 37, 4),
(6075, 1587, 37, 1),
(6076, 2575, 37, 2),
(6077, 1174, 37, 2),
(6078, 2982, 37, 1),
(6079, 2983, 37, 3),
(6080, 2984, 37, 3),
(6081, 2985, 37, 1),
(6082, 439, 37, 1),
(6083, 2986, 37, 1),
(6084, 2082, 37, 1),
(6085, 2987, 37, 1),
(6086, 2374, 37, 1),
(6087, 2988, 37, 1),
(6088, 2989, 37, 1),
(6089, 2990, 37, 1),
(6090, 1612, 37, 1),
(6091, 1070, 37, 1),
(6092, 761, 37, 1),
(6093, 2991, 37, 2),
(6094, 2992, 37, 1),
(6095, 2993, 37, 1),
(6096, 2994, 37, 5),
(6097, 2832, 37, 2),
(6098, 2995, 37, 1),
(6099, 2996, 37, 1),
(6100, 312, 37, 9),
(6101, 49, 37, 4),
(6102, 24, 37, 3),
(6103, 2915, 37, 2),
(6104, 174, 37, 2),
(6105, 2997, 37, 1),
(6106, 2998, 37, 1),
(6107, 2999, 37, 1),
(6108, 3000, 37, 2),
(6109, 3001, 37, 2),
(6110, 1956, 37, 1),
(6111, 287, 37, 2),
(6112, 1533, 37, 4),
(6113, 3002, 37, 1),
(6114, 47, 37, 1),
(6115, 829, 37, 1),
(6116, 849, 37, 1),
(6117, 3003, 37, 1),
(6118, 438, 37, 1),
(6119, 3004, 37, 1),
(6120, 3005, 37, 1),
(6121, 346, 37, 4),
(6122, 3006, 37, 1),
(6123, 786, 37, 1),
(6124, 3007, 37, 1),
(6125, 3008, 37, 1),
(6126, 2823, 37, 1),
(6127, 308, 37, 1),
(6128, 3009, 37, 1),
(6129, 392, 37, 2),
(6130, 806, 37, 2),
(6131, 231, 37, 4),
(6132, 3010, 37, 1),
(6133, 384, 37, 9),
(6134, 788, 37, 1),
(6135, 3011, 37, 1),
(6136, 2849, 37, 1),
(6137, 165, 37, 1),
(6138, 3012, 37, 1),
(6139, 3013, 37, 6),
(6140, 3014, 37, 1),
(6141, 3015, 37, 3),
(6142, 289, 37, 5),
(6143, 579, 37, 1),
(6144, 3016, 37, 1),
(6145, 3017, 37, 1),
(6146, 3018, 37, 1),
(6147, 705, 37, 2),
(6148, 3019, 37, 1),
(6149, 3020, 37, 1),
(6150, 22, 37, 1),
(6151, 3021, 37, 1),
(6152, 641, 37, 1),
(6153, 428, 37, 1),
(6154, 3022, 37, 1),
(6155, 3023, 37, 3),
(6156, 3024, 37, 1),
(6157, 3025, 37, 1),
(6158, 1153, 37, 1),
(6159, 3026, 37, 1),
(6160, 124, 37, 7),
(6161, 104, 37, 2),
(6162, 27, 37, 1),
(6163, 807, 37, 1),
(6164, 858, 37, 3),
(6165, 1766, 37, 1),
(6166, 1703, 37, 2),
(6167, 102, 37, 1),
(6168, 3027, 37, 1),
(6169, 36, 37, 1),
(6170, 1179, 37, 3),
(6171, 3028, 37, 1),
(6172, 3029, 37, 1),
(6173, 3030, 37, 1),
(6174, 3031, 37, 1),
(6175, 3032, 37, 3),
(6176, 3033, 37, 2),
(6177, 755, 37, 1),
(6178, 2653, 37, 1),
(6179, 334, 37, 2),
(6180, 3034, 37, 1),
(6181, 60, 37, 2),
(6182, 1552, 37, 3),
(6183, 728, 37, 1),
(6184, 339, 37, 4),
(6185, 1208, 37, 1),
(6186, 3035, 37, 1),
(6187, 3036, 37, 1),
(6188, 1479, 37, 1),
(6189, 3037, 37, 1),
(6190, 805, 37, 1),
(6191, 769, 37, 4),
(6192, 3038, 37, 1),
(6193, 1368, 37, 2),
(6194, 935, 37, 1),
(6195, 100, 37, 1),
(6196, 3039, 37, 1),
(6197, 3040, 37, 1),
(6198, 3041, 37, 1),
(6199, 2142, 37, 1),
(6200, 3042, 37, 1),
(6201, 3043, 37, 1),
(6202, 2094, 37, 1),
(6203, 1510, 37, 3),
(6204, 768, 37, 2),
(6205, 338, 37, 1),
(6206, 2, 37, 1),
(6207, 358, 37, 2),
(6208, 3044, 37, 1),
(6209, 254, 37, 1),
(6210, 3045, 37, 1),
(6211, 3046, 37, 1),
(6212, 3047, 37, 1),
(6213, 3048, 37, 1),
(6214, 1644, 37, 2),
(6215, 3049, 37, 1),
(6216, 2586, 37, 1),
(6217, 3050, 37, 1),
(6218, 83, 37, 1),
(6219, 802, 37, 1),
(6220, 3051, 37, 1),
(6221, 722, 37, 1),
(6222, 263, 37, 1),
(6223, 3052, 37, 1),
(6224, 930, 37, 1),
(6225, 3053, 37, 2),
(6226, 446, 37, 1),
(6227, 622, 37, 2),
(6228, 832, 37, 2),
(6229, 734, 37, 1),
(6230, 1367, 37, 2),
(6231, 3054, 37, 1),
(6232, 942, 37, 1),
(6233, 3055, 37, 1),
(6234, 3056, 37, 1),
(6235, 3057, 37, 1),
(6236, 1219, 37, 1),
(6237, 369, 37, 1),
(6238, 61, 37, 1),
(6239, 461, 37, 1),
(6240, 1525, 37, 1),
(6241, 2342, 37, 1),
(6242, 129, 37, 1),
(6243, 262, 37, 1),
(6244, 78, 37, 1),
(6245, 1518, 37, 1),
(6246, 3058, 37, 1),
(6247, 352, 37, 1),
(6248, 575, 37, 2),
(6249, 232, 37, 1),
(6250, 3059, 37, 1),
(6251, 3060, 37, 1),
(6252, 56, 37, 1),
(6253, 194, 37, 1),
(6254, 253, 37, 1),
(6255, 1227, 37, 1),
(6256, 3061, 37, 1),
(6257, 2652, 37, 1),
(6258, 2366, 37, 1),
(6259, 730, 37, 1),
(6260, 3062, 37, 1),
(6261, 3063, 37, 1),
(6262, 3064, 37, 1),
(6263, 3065, 37, 1),
(6264, 3066, 37, 1),
(6265, 3067, 37, 1),
(6266, 3068, 37, 1),
(6267, 3069, 37, 1),
(6268, 810, 37, 1),
(6269, 1603, 38, 2),
(6270, 63, 38, 6),
(6271, 725, 38, 2),
(6272, 471, 38, 7),
(6273, 848, 38, 13),
(6274, 6, 38, 2),
(6275, 7, 38, 2),
(6276, 8, 38, 1),
(6277, 3070, 38, 1),
(6278, 3071, 38, 1),
(6279, 3072, 38, 1),
(6280, 3073, 38, 1),
(6281, 469, 38, 2),
(6282, 13, 38, 1),
(6283, 16, 38, 1),
(6284, 381, 38, 1),
(6285, 227, 38, 3),
(6286, 567, 38, 5),
(6287, 2810, 38, 1),
(6288, 689, 38, 1),
(6289, 253, 38, 21),
(6290, 3074, 38, 1),
(6291, 389, 38, 13),
(6292, 1693, 38, 4),
(6293, 225, 38, 3),
(6294, 3075, 38, 1),
(6295, 1500, 38, 5),
(6296, 1554, 38, 4),
(6297, 470, 38, 2),
(6298, 1156, 38, 1),
(6299, 809, 38, 1),
(6300, 774, 38, 1),
(6301, 312, 38, 6),
(6302, 356, 38, 7),
(6303, 1093, 38, 1),
(6304, 566, 38, 4),
(6305, 568, 38, 4),
(6306, 569, 38, 1),
(6307, 1355, 38, 2),
(6308, 1114, 38, 1),
(6309, 1695, 38, 1),
(6310, 348, 38, 1),
(6311, 334, 38, 2),
(6312, 582, 38, 3),
(6313, 61, 38, 2),
(6314, 1552, 38, 1),
(6315, 3076, 38, 1),
(6316, 805, 38, 1),
(6317, 1555, 38, 1),
(6318, 1435, 38, 3),
(6319, 3077, 38, 8),
(6320, 2413, 38, 1),
(6321, 322, 38, 6),
(6322, 412, 38, 7),
(6323, 578, 38, 1),
(6324, 2016, 38, 5),
(6325, 1696, 38, 2),
(6326, 307, 38, 2),
(6327, 3078, 38, 1),
(6328, 354, 38, 1),
(6329, 413, 38, 5),
(6330, 384, 38, 7),
(6331, 385, 38, 3),
(6332, 826, 38, 3),
(6333, 3079, 38, 1),
(6334, 366, 38, 1),
(6335, 2, 38, 5),
(6336, 1049, 38, 1),
(6337, 476, 38, 3),
(6338, 2155, 38, 3),
(6339, 822, 38, 3),
(6340, 2496, 38, 3),
(6341, 418, 38, 4),
(6342, 388, 38, 8),
(6343, 309, 38, 1),
(6344, 203, 38, 1),
(6345, 3080, 38, 1),
(6346, 3081, 38, 1),
(6347, 3082, 38, 1),
(6348, 392, 38, 1),
(6349, 769, 38, 1),
(6350, 2568, 38, 2),
(6351, 3083, 38, 2),
(6352, 856, 38, 3),
(6353, 420, 38, 2),
(6354, 3084, 38, 3),
(6355, 615, 38, 4),
(6356, 491, 38, 4),
(6357, 2650, 38, 2),
(6358, 1277, 38, 1),
(6359, 127, 38, 2),
(6360, 3085, 38, 1),
(6361, 1669, 38, 1),
(6362, 3086, 38, 1),
(6363, 3087, 38, 1),
(6364, 584, 38, 3),
(6365, 21, 38, 2),
(6366, 1782, 38, 2),
(6367, 2649, 38, 2),
(6368, 2338, 38, 2),
(6369, 391, 38, 5),
(6370, 375, 38, 2),
(6371, 3088, 38, 1),
(6372, 1348, 38, 1),
(6373, 870, 38, 1),
(6374, 837, 38, 3),
(6375, 36, 38, 1),
(6376, 573, 38, 2),
(6377, 1847, 38, 2),
(6378, 835, 38, 2),
(6379, 825, 38, 1),
(6380, 3089, 38, 1),
(6381, 2188, 38, 1),
(6382, 3090, 38, 1),
(6383, 3091, 38, 1),
(6384, 1724, 38, 1),
(6385, 846, 38, 3),
(6386, 1048, 38, 1),
(6387, 3092, 38, 1),
(6388, 3093, 38, 1),
(6389, 933, 38, 3),
(6390, 3094, 38, 1),
(6391, 3095, 38, 1),
(6392, 3096, 38, 1),
(6393, 3097, 38, 1),
(6394, 101, 38, 2),
(6395, 581, 38, 1),
(6396, 124, 38, 2),
(6397, 3098, 38, 2),
(6398, 781, 38, 2),
(6399, 484, 38, 4),
(6400, 836, 38, 1),
(6401, 1083, 38, 2),
(6402, 1644, 38, 1),
(6403, 437, 38, 1),
(6404, 464, 38, 4),
(6405, 177, 38, 2),
(6406, 3099, 38, 3),
(6407, 3100, 38, 3),
(6408, 513, 38, 1),
(6409, 2469, 38, 13),
(6410, 394, 38, 2),
(6411, 395, 38, 2),
(6412, 2168, 38, 1),
(6413, 396, 38, 2),
(6414, 397, 38, 2),
(6415, 398, 38, 1),
(6416, 2623, 38, 3),
(6417, 2624, 38, 3),
(6418, 2625, 38, 4),
(6419, 2626, 38, 4),
(6420, 1121, 38, 1),
(6421, 3101, 38, 3),
(6422, 3102, 38, 3),
(6423, 407, 38, 1),
(6424, 2264, 38, 3),
(6425, 3103, 38, 3),
(6426, 3104, 38, 3),
(6427, 3105, 38, 1),
(6428, 2813, 38, 1),
(6429, 1704, 38, 2),
(6430, 126, 38, 1),
(6431, 82, 38, 1),
(6432, 81, 38, 1),
(6433, 3106, 38, 1),
(6434, 3107, 38, 1),
(6435, 2417, 38, 1),
(6436, 452, 38, 1),
(6437, 2148, 38, 1),
(6438, 1047, 38, 1),
(6439, 561, 38, 1),
(6440, 255, 38, 1),
(6441, 3108, 38, 1),
(6442, 270, 38, 1),
(6443, 1775, 38, 1),
(6444, 2652, 38, 1),
(6445, 494, 38, 1),
(6446, 1214, 38, 2),
(6447, 793, 38, 1),
(6448, 3109, 38, 1),
(6449, 44, 38, 1),
(6450, 3110, 38, 1),
(6451, 2474, 38, 1),
(6452, 298, 38, 1),
(6453, 3111, 38, 3),
(6454, 565, 38, 4),
(6455, 1658, 38, 4),
(6456, 1113, 38, 4),
(6457, 3112, 38, 1),
(6458, 1038, 38, 1),
(6459, 3113, 38, 1),
(6460, 355, 38, 1),
(6461, 3114, 38, 1),
(6462, 1743, 38, 1),
(6463, 3115, 38, 1),
(6464, 3116, 38, 1),
(6465, 679, 38, 1),
(6466, 3117, 38, 1),
(6467, 3118, 38, 2),
(6468, 3007, 38, 1),
(6469, 553, 38, 1),
(6470, 433, 38, 1),
(6471, 242, 38, 1),
(6472, 543, 38, 1),
(6473, 1837, 38, 1),
(6474, 3119, 38, 1),
(6475, 3120, 38, 1),
(6476, 1081, 38, 2),
(6477, 3121, 38, 2),
(6478, 3122, 38, 2),
(6479, 940, 38, 1),
(6480, 3123, 38, 1),
(6481, 3124, 38, 1),
(6482, 3125, 38, 1),
(6483, 2782, 38, 1),
(6484, 2728, 38, 1),
(6485, 1305, 38, 1),
(6486, 308, 38, 1),
(6487, 3126, 38, 1),
(6488, 3127, 38, 1),
(6489, 3128, 39, 37),
(6490, 2314, 39, 2),
(6491, 1277, 39, 6),
(6492, 3129, 39, 8),
(6493, 3130, 39, 9),
(6494, 2789, 39, 5),
(6495, 825, 39, 5),
(6496, 2205, 39, 4),
(6497, 2374, 39, 5),
(6498, 466, 39, 1),
(6499, 7, 39, 1),
(6500, 8, 39, 1),
(6501, 1700, 39, 1),
(6502, 1701, 39, 1),
(6503, 1702, 39, 1),
(6504, 3131, 39, 16),
(6505, 16, 39, 6),
(6506, 1873, 39, 5),
(6507, 1874, 39, 5),
(6508, 263, 39, 1),
(6509, 492, 39, 2),
(6510, 1853, 39, 6),
(6511, 3132, 39, 4),
(6512, 1338, 39, 1),
(6513, 3133, 39, 1),
(6514, 1340, 39, 1),
(6515, 1945, 39, 2),
(6516, 1946, 39, 2),
(6517, 2283, 39, 1),
(6518, 573, 39, 1),
(6519, 1526, 39, 1),
(6520, 3134, 39, 2),
(6521, 3135, 39, 2),
(6522, 3136, 39, 1),
(6523, 56, 39, 2),
(6524, 2303, 39, 1),
(6525, 3137, 39, 1),
(6526, 106, 39, 1),
(6527, 632, 39, 1),
(6528, 43, 39, 1),
(6529, 759, 39, 1),
(6530, 352, 39, 1),
(6531, 1834, 39, 4),
(6532, 175, 39, 1),
(6533, 512, 39, 1),
(6534, 1152, 39, 1),
(6535, 164, 39, 1),
(6536, 930, 39, 1),
(6537, 468, 39, 1),
(6538, 107, 39, 1),
(6539, 1168, 39, 1),
(6540, 2547, 39, 2),
(6541, 3138, 39, 3),
(6542, 21, 39, 2),
(6543, 2092, 39, 3),
(6544, 3139, 39, 2),
(6545, 3140, 39, 1),
(6546, 1485, 39, 1),
(6547, 441, 39, 1),
(6548, 3141, 39, 1),
(6549, 2338, 39, 1),
(6550, 3142, 39, 1),
(6551, 2110, 39, 1),
(6552, 3143, 39, 1),
(6553, 177, 39, 1),
(6554, 1771, 39, 1),
(6555, 2417, 39, 1),
(6556, 3144, 39, 1),
(6557, 631, 39, 1),
(6558, 456, 39, 1),
(6559, 3145, 39, 1),
(6560, 536, 39, 1),
(6561, 3146, 39, 1),
(6562, 1942, 39, 2),
(6563, 109, 39, 2),
(6564, 3147, 39, 1),
(6565, 3148, 39, 1),
(6566, 2245, 39, 1),
(6567, 3149, 39, 1),
(6568, 101, 39, 1),
(6569, 1218, 39, 1),
(6570, 2653, 39, 1),
(6571, 24, 39, 1),
(6572, 684, 39, 1),
(6573, 389, 39, 3),
(6574, 1153, 39, 1),
(6575, 1903, 39, 1),
(6576, 934, 39, 1),
(6577, 3150, 39, 1),
(6578, 2750, 39, 1),
(6579, 1146, 39, 1),
(6580, 290, 39, 1),
(6581, 1643, 39, 1),
(6582, 3151, 39, 1),
(6583, 332, 39, 1),
(6584, 3152, 39, 3),
(6585, 1085, 39, 1),
(6586, 3153, 39, 1),
(6587, 2365, 39, 2),
(6588, 2343, 39, 1),
(6589, 856, 39, 1),
(6590, 3154, 39, 1),
(6591, 3155, 39, 1),
(6592, 1176, 39, 3),
(6593, 3156, 39, 1),
(6594, 3157, 39, 1),
(6595, 2264, 39, 1),
(6596, 3158, 39, 1),
(6597, 1783, 39, 1),
(6598, 3159, 40, 3),
(6599, 463, 40, 2),
(6600, 2061, 40, 14),
(6601, 2690, 40, 9),
(6602, 1834, 40, 2),
(6603, 772, 40, 3),
(6604, 2062, 40, 14),
(6605, 3160, 40, 3),
(6606, 864, 40, 3),
(6607, 7, 40, 2),
(6608, 8, 40, 2),
(6609, 468, 40, 1),
(6610, 3161, 40, 8),
(6611, 3162, 40, 2),
(6612, 16, 40, 2),
(6613, 3163, 40, 1),
(6614, 3164, 40, 1),
(6615, 1439, 40, 1),
(6616, 646, 40, 2),
(6617, 1115, 40, 8),
(6618, 1149, 40, 2),
(6619, 235, 40, 3),
(6620, 290, 40, 2),
(6621, 3165, 40, 1),
(6622, 3166, 40, 1),
(6623, 3167, 40, 1),
(6624, 3168, 40, 2),
(6625, 541, 40, 1),
(6626, 307, 40, 2),
(6627, 362, 40, 1),
(6628, 358, 40, 3),
(6629, 3169, 40, 1),
(6630, 788, 40, 1),
(6631, 2104, 40, 1),
(6632, 3170, 40, 1),
(6633, 1170, 40, 1),
(6634, 731, 40, 1),
(6635, 733, 40, 1),
(6636, 3171, 40, 1),
(6637, 897, 40, 1),
(6638, 3172, 40, 1),
(6639, 3173, 40, 1),
(6640, 3174, 40, 2),
(6641, 526, 40, 1),
(6642, 809, 40, 2),
(6643, 441, 40, 1),
(6644, 3175, 40, 1),
(6645, 3176, 40, 1),
(6646, 1561, 40, 1),
(6647, 1217, 40, 1),
(6648, 848, 40, 1),
(6649, 2905, 40, 1),
(6650, 3177, 40, 2),
(6651, 575, 40, 1),
(6652, 3178, 40, 1),
(6653, 3179, 40, 1),
(6654, 1047, 40, 1),
(6655, 371, 40, 1),
(6656, 372, 40, 1),
(6657, 322, 40, 2),
(6658, 311, 40, 2),
(6659, 844, 40, 2),
(6660, 326, 40, 1),
(6661, 774, 40, 1),
(6662, 312, 40, 1),
(6663, 741, 40, 1),
(6664, 267, 40, 1),
(6665, 3180, 40, 1),
(6666, 366, 40, 1),
(6667, 2, 40, 1),
(6668, 387, 40, 1),
(6669, 1153, 40, 1),
(6670, 759, 40, 2),
(6671, 856, 40, 2),
(6672, 2039, 40, 1),
(6673, 225, 40, 1),
(6674, 3181, 40, 2),
(6675, 3182, 40, 2),
(6676, 2568, 40, 1),
(6677, 584, 40, 1),
(6678, 886, 40, 1),
(6679, 3183, 40, 1),
(6680, 3184, 40, 1),
(6681, 1432, 40, 4),
(6682, 2011, 40, 1),
(6683, 1094, 40, 1),
(6684, 2038, 40, 1),
(6685, 536, 40, 1),
(6686, 513, 40, 1),
(6687, 1838, 40, 1),
(6688, 2699, 40, 1),
(6689, 2037, 40, 1),
(6690, 3185, 40, 1),
(6691, 1945, 40, 3),
(6692, 2219, 40, 2),
(6693, 425, 40, 1),
(6694, 1007, 40, 1),
(6695, 489, 40, 1),
(6696, 1028, 40, 5),
(6697, 2034, 40, 4),
(6698, 722, 40, 1),
(6699, 3186, 40, 1),
(6700, 1056, 40, 2),
(6701, 836, 40, 2),
(6702, 3187, 40, 1),
(6703, 27, 40, 1),
(6704, 380, 40, 1),
(6705, 1176, 40, 1),
(6706, 1557, 40, 1),
(6707, 466, 40, 1),
(6708, 383, 40, 1),
(6709, 319, 40, 1),
(6710, 2035, 40, 4),
(6711, 3188, 40, 4),
(6712, 3189, 40, 4),
(6713, 1492, 40, 3),
(6714, 1545, 40, 1),
(6715, 2938, 40, 1),
(6716, 474, 40, 1),
(6717, 1946, 40, 1),
(6718, 3190, 40, 1),
(6719, 374, 40, 1),
(6720, 3191, 40, 1),
(6721, 3192, 40, 1),
(6722, 423, 40, 1);

-- --------------------------------------------------------

--
-- Table structure for table `kata`
--

CREATE TABLE `kata` (
  `id` int(11) NOT NULL,
  `kata` varchar(100) NOT NULL
) ENGINE=InnoDB DEFAULT CHARSET=utf8mb4;

--
-- Dumping data for table `kata`
--

INSERT INTO `kata` (`id`, `kata`) VALUES
(1, 'manfaat'),
(2, 'sehat'),
(3, 'oleh'),
(4, 'konsumsi'),
(5, 'kismis'),
(6, 'sabtu'),
(7, 'oktober'),
(8, 'reporter'),
(9, 'rizky'),
(10, 'wahyu'),
(11, 'permana'),
(12, 'ilustrasi'),
(13, 'shutterstock'),
(14, 'olha'),
(15, 'afanasieva'),
(16, 'merdekacom'),
(17, 'salah'),
(18, 'hidang'),
(19, 'mudah'),
(20, 'makan'),
(21, 'milik'),
(22, 'bentuk'),
(23, 'suka'),
(24, 'orang'),
(25, 'dewasa'),
(26, 'anak'),
(27, 'dasar'),
(28, 'buah'),
(29, 'kering'),
(30, 'padu'),
(31, 'manis'),
(32, 'asam'),
(33, 'segar'),
(34, 'dalam'),
(35, 'roti'),
(36, 'penuh'),
(37, 'gula'),
(38, 'nutrisi'),
(39, 'zat'),
(40, 'besi'),
(41, 'potassium'),
(42, 'kalsium'),
(43, 'campur'),
(44, 'langsung'),
(45, 'kandung'),
(46, 'jadi'),
(47, 'lansir'),
(48, 'boldsky'),
(49, 'dampak'),
(50, 'cerna'),
(51, 'lancar'),
(52, 'kaya'),
(53, 'serat'),
(54, 'ideal'),
(55, 'rendam'),
(56, 'air'),
(57, 'malam'),
(58, 'pagi'),
(59, 'cahar'),
(60, 'alami'),
(61, 'cegah'),
(62, 'konstipasi'),
(63, 'atur'),
(64, 'butir'),
(65, 'gelas'),
(66, 'serta'),
(67, 'perut'),
(68, 'kosong'),
(69, 'bantu'),
(70, 'turun'),
(71, 'berat'),
(72, 'badan'),
(73, 'cepat'),
(74, 'tekan'),
(75, 'lapar'),
(76, 'sebab'),
(77, 'tingkat'),
(78, 'kebal'),
(79, 'tubuh'),
(80, 'vitamin'),
(81, 'c'),
(82, 'b'),
(83, 'lawan'),
(84, 'bakteri'),
(85, 'infeksi'),
(86, 'energi'),
(87, 'fruktosa'),
(88, 'glukosa'),
(89, 'jaga'),
(90, 'lemah'),
(91, 'tambah'),
(92, 'tulang'),
(93, 'mikronutrisi'),
(94, 'efek'),
(95, 'osteoporosis'),
(96, 'usus'),
(97, 'anemia'),
(98, 'asupan'),
(99, 'darah'),
(100, 'kembali'),
(101, 'kondisi'),
(102, 'normal'),
(103, 'liver'),
(104, 'hilang'),
(105, 'racun'),
(106, 'hitam'),
(107, 'fungsi'),
(108, 'keluar'),
(109, 'bau'),
(110, 'napas'),
(111, 'lambung'),
(112, 'kenal'),
(113, 'antibakterial'),
(114, 'mulut'),
(115, 'bersih'),
(116, 'netral'),
(117, 'tinggi'),
(118, 'magnesium'),
(119, 'teral'),
(120, 'acidosis'),
(121, 'ujung'),
(122, 'komplikasi'),
(123, 'kulit'),
(124, 'sakit'),
(125, 'kepala'),
(126, 'a'),
(127, 'e'),
(128, 'stimulasi'),
(129, 'kembang'),
(130, 'sel'),
(131, 'rutin'),
(132, 'rambut'),
(133, 'antioksidan'),
(134, 'kuat'),
(135, 'buluh'),
(136, 'ketombe'),
(137, 'pecah'),
(138, 'gatal'),
(139, 'rontok'),
(140, 'rwp'),
(141, 'putih'),
(142, 'krusial'),
(143, 'kala'),
(144, 'juni'),
(145, 'ani'),
(146, 'mardatila'),
(147, 'butuh'),
(148, 'bugar'),
(149, 'optimal'),
(150, 'hidrasi'),
(151, 'proses'),
(152, 'vital'),
(153, 'manusia'),
(154, 'persen'),
(155, 'teliti'),
(156, 'lapor'),
(157, 'temu'),
(158, 'positif'),
(159, 'minum'),
(160, 'keringat'),
(161, 'pergi'),
(162, 'kamar'),
(163, 'mandi'),
(164, 'aktif'),
(165, 'fisik'),
(166, 'iklim'),
(167, 'panas'),
(168, 'demam'),
(169, 'gejala'),
(170, 'diare'),
(171, 'muntah'),
(172, 'cair'),
(173, 'ganti'),
(174, 'anggap'),
(175, 'sumber'),
(176, 'hidup'),
(177, 'batas'),
(178, 'rangkum'),
(179, 'medical'),
(180, 'news'),
(181, 'today'),
(182, 'lumas'),
(183, 'sendi'),
(184, 'jarang'),
(185, 'rawan'),
(186, 'cakram'),
(187, 'dehidrasi'),
(188, 'jangka'),
(189, 'kurang'),
(190, 'mampu'),
(191, 'serap'),
(192, 'goncangan'),
(193, 'nyeri'),
(194, 'liur'),
(195, 'lendir'),
(196, 'hidung'),
(197, 'mata'),
(198, 'lembab'),
(199, 'gesek'),
(200, 'rusa'),
(201, 'gigi'),
(202, 'oksigen'),
(203, 'bawa'),
(204, 'cantik'),
(205, 'rentan'),
(206, 'ganggu'),
(207, 'kerut'),
(208, 'kencang'),
(209, 'awet'),
(210, 'muda'),
(211, 'lindung'),
(212, 'otak'),
(213, 'sumsum'),
(214, 'jaring'),
(215, 'sensitif'),
(216, 'pengaruh'),
(217, 'struktur'),
(218, 'libat'),
(219, 'produksi'),
(220, 'hormon'),
(221, 'neurotransmiter'),
(222, 'panjang'),
(223, 'pikir'),
(224, 'nalar'),
(225, 'sesuai'),
(226, 'rekomendasi'),
(227, 'hubung'),
(228, 'suhu'),
(229, 'simpan'),
(230, 'lapis'),
(231, 'muncul'),
(232, 'muka'),
(233, 'uap'),
(234, 'dingin'),
(235, 'olahraga'),
(236, 'ilmuwan'),
(237, 'individu'),
(238, 'tolerir'),
(239, 'tegang'),
(240, 'stres'),
(241, 'latih'),
(242, 'sistem'),
(243, 'gantung'),
(244, 'sembelit'),
(245, 'risiko'),
(246, 'maag'),
(247, 'buang'),
(248, 'kotor'),
(249, 'urin'),
(250, 'feses'),
(251, 'kental'),
(252, 'salur'),
(253, 'udara'),
(254, 'upaya'),
(255, 'minimal'),
(256, 'buruk'),
(257, 'asma'),
(258, 'alergi'),
(259, 'mineral'),
(260, 'akses'),
(261, 'larut'),
(262, 'capai'),
(263, 'beda'),
(264, 'ginjal'),
(265, 'batu'),
(266, 'performa'),
(267, 'kerja'),
(268, 'aktivitas'),
(269, 'penting'),
(270, 'konfirmasi'),
(271, 'ulas'),
(272, 'menit'),
(273, 'jus'),
(274, 'soda'),
(275, 'preloading'),
(276, 'cipta'),
(277, 'kenyang'),
(278, 'mabuk'),
(279, 'pesta'),
(280, 'es'),
(281, 'lemon'),
(282, 'ling'),
(283, 'alkohol'),
(284, 'variasi'),
(285, 'sepakat'),
(286, 'akademi'),
(287, 'sains'),
(288, 'teknik'),
(289, 'dokter'),
(290, 'nasional'),
(291, 'as'),
(292, 'hari'),
(293, 'pria'),
(294, 'liter'),
(295, 'ons'),
(296, 'wanita'),
(297, 'cangkir'),
(298, 'asal'),
(299, 'sisa'),
(300, 'sayur'),
(301, 'non'),
(302, 'hitung'),
(303, 'liput'),
(304, 'cuaca'),
(305, 'amd'),
(306, 'langkah'),
(307, 'perintah'),
(308, 'hadap'),
(309, 'potensi'),
(310, 'gelombang'),
(311, 'tiga'),
(312, 'covid'),
(313, 'senin'),
(314, 'supriatin'),
(315, 'antre'),
(316, 'ambulans'),
(317, 'rsd'),
(318, 'wisma'),
(319, 'atlet'),
(320, 'iqbal'),
(321, 'nugroho'),
(322, 'indonesia'),
(323, 'prediksi'),
(324, 'kaca'),
(325, 'lonjak'),
(326, 'tengah'),
(327, 'mobilitas'),
(328, 'raya'),
(329, 'agama'),
(330, 'ulang'),
(331, 'ketua'),
(332, 'satu'),
(333, 'tugas'),
(334, 'tangan'),
(335, 'ganip'),
(336, 'warsito'),
(337, 'antisipasi'),
(338, 'ancam'),
(339, 'ahli'),
(340, 'desember'),
(341, 'situ'),
(342, 'nataru'),
(343, 'siar'),
(344, 'pers'),
(345, 'bidang'),
(346, 'ubah'),
(347, 'perilaku'),
(348, 'satgas'),
(349, 'sonny'),
(350, 'harry'),
(351, 'harmadi'),
(352, 'sebut'),
(353, 'kapasitas'),
(354, 'tes'),
(355, 'terap'),
(356, 'laku'),
(357, 'giat'),
(358, 'masyarakat'),
(359, 'ppkm'),
(360, 'bas'),
(361, 'level'),
(362, 'daerah'),
(363, 'relaksasi'),
(364, 'sosialisasi'),
(365, 'patuh'),
(366, 'protokol'),
(367, 'm'),
(368, 'pakai'),
(369, 'masker'),
(370, 'cuci'),
(371, 'jarak'),
(372, 'jauh'),
(373, 'kerumun'),
(374, 'empat'),
(375, 'vaksinasi'),
(376, 'landai'),
(377, 'target'),
(378, 'sasar'),
(379, 'jiwa'),
(380, 'data'),
(381, 'menteri'),
(382, 'tanggal'),
(383, 'wib'),
(384, 'vaksin'),
(385, 'dosis'),
(386, 'tara'),
(387, 'ketat'),
(388, 'masuk'),
(389, 'jalan'),
(390, 'interansional'),
(391, 'negeri'),
(392, 'varian'),
(393, 'titik'),
(394, 'soekarno'),
(395, 'hatta'),
(396, 'sam'),
(397, 'ratulangi'),
(398, 'manado'),
(399, 'darat'),
(400, 'entikong'),
(401, 'aruk'),
(402, 'nunukan'),
(403, 'motaain'),
(404, 'timor'),
(405, 'leste'),
(406, 'laut'),
(407, 'batam'),
(408, 'tanjungpinang'),
(409, 'awas'),
(410, 'migran'),
(411, 'pmi'),
(412, 'wajib'),
(413, 'pcr'),
(414, 'kirim'),
(415, 'alat'),
(416, 'molekuler'),
(417, 'tunggu'),
(418, 'jam'),
(419, 'pisah'),
(420, 'negatif'),
(421, 'andal'),
(422, 'peran'),
(423, 'ray'),
(424, 'istimewa'),
(425, 'kunci'),
(426, 'petik'),
(427, 'sayang'),
(428, 'lupa'),
(429, 'hindar'),
(430, 'pilih'),
(431, 'jenis'),
(432, 'samping'),
(433, 'guna'),
(434, 'temperatur'),
(435, 'luruh'),
(436, 'tawar'),
(437, 'enam'),
(438, 'times'),
(439, 'of'),
(440, 'india'),
(441, 'bangun'),
(442, 'tidur'),
(443, 'awal'),
(444, 'buat'),
(445, 'hangat'),
(446, 'bangkit'),
(447, 'indera'),
(448, 'asa'),
(449, 'lembap'),
(450, 'haus'),
(451, 'imbang'),
(452, 'singkat'),
(453, 'kram'),
(454, 'sembuh'),
(455, 'lelah'),
(456, 'istirahat'),
(457, 'tanda'),
(458, 'dorong'),
(459, 'alas'),
(460, 'citilink'),
(461, 'putus'),
(462, 'darurat'),
(463, 'tutup'),
(464, 'pintu'),
(465, 'lepas'),
(466, 'kamis'),
(467, 'september'),
(468, 'merdeka'),
(469, 'pesawat'),
(470, 'nomor'),
(471, 'terbang'),
(472, 'qg'),
(473, 'rute'),
(474, 'jakarta'),
(475, 'paksa'),
(476, 'bandara'),
(477, 'sultan'),
(478, 'mahmud'),
(479, 'badaruddin'),
(480, 'ii'),
(481, 'palembang'),
(482, 'sumatera'),
(483, 'selatan'),
(484, 'tumpang'),
(485, 'seat'),
(486, 'row'),
(487, 'dapat'),
(488, 'tuas'),
(489, 'total'),
(490, 'infant'),
(491, 'berangkat'),
(492, 'tua'),
(493, 'tiket'),
(494, 'booking'),
(495, 'captteguh'),
(496, 'kristiono'),
(497, 'vice'),
(498, 'president'),
(499, 'safety'),
(500, 'security'),
(501, 'quality'),
(502, 'pt'),
(503, 'acara'),
(504, 'live'),
(505, 'instagram'),
(506, 'alviation'),
(507, 'teguh'),
(508, 'duduk'),
(509, 'lengah'),
(510, 'si'),
(511, 'pindah'),
(512, 'diri'),
(513, 'buka'),
(514, 'cover'),
(515, 'handle'),
(516, 'emergency'),
(517, 'exit'),
(518, 'lampu'),
(519, 'indikator'),
(520, 'nyala'),
(521, 'kabin'),
(522, 'kokpit'),
(523, 'pramugari'),
(524, 'aware'),
(525, 'sediakala'),
(526, 'kait'),
(527, 'cengkareng'),
(528, 'alih'),
(529, 'divert'),
(530, 'captain'),
(531, 'pilot'),
(532, 'kece'),
(533, 'teknis'),
(534, 'aman'),
(535, 'jamin'),
(536, 'selamat'),
(537, 'operasional'),
(538, 'amat'),
(539, 'alvin'),
(540, 'lie'),
(541, 'apresiasi'),
(542, 'sigap'),
(543, 'awak'),
(544, 'maskapai'),
(545, 'insiden'),
(546, 'green'),
(547, 'zone'),
(548, 'kursi'),
(549, 'kutip'),
(550, 'mantan'),
(551, 'anggota'),
(552, 'ombudsman'),
(553, 'ri'),
(554, 'tindak'),
(555, 'prosedur'),
(556, 'informasi'),
(557, 'dekat'),
(558, 'is'),
(559, 'everbody'),
(560, 'bussiness'),
(561, 'tanggung'),
(562, 'bincang'),
(563, 'aviatalk'),
(564, 'jendela'),
(565, 'angkut'),
(566, 'dirjen'),
(567, 'kemenhub'),
(568, 'novie'),
(569, 'riyanto'),
(570, 'jelas'),
(571, 'ada'),
(572, 'prinsip'),
(573, 'usia'),
(574, 'larang'),
(575, 'sebar'),
(576, 'lapang'),
(577, 'diskresi'),
(578, 'ikut'),
(579, 'sekolah'),
(580, 'kota'),
(581, 'khusus'),
(582, 'tuju'),
(583, 'dokumen'),
(584, 'bukti'),
(585, 'tunjang'),
(586, 'idr'),
(587, 'angkat'),
(588, 'ide'),
(589, 'karno'),
(590, 'shares'),
(591, 'afp'),
(592, 'photo'),
(593, 'str'),
(594, 'lontar'),
(595, 'bti'),
(596, 'tangkap'),
(597, 'tiongkok'),
(598, 'politisasi'),
(599, 'pki'),
(600, 'tentang'),
(601, 'keras'),
(602, 'tulis'),
(603, 'hendi'),
(604, 'jo'),
(605, 'jagad'),
(606, 'politik'),
(607, 'geger'),
(608, 'pasal'),
(609, 'cc'),
(610, 'dipa'),
(611, 'nusantara'),
(612, 'aidit'),
(613, 'panggil'),
(614, 'istana'),
(615, 'negara'),
(616, 'tangga'),
(617, 'bernhard'),
(618, 'kalb'),
(619, 'columbia'),
(620, 'broadcasting'),
(621, 'system'),
(622, 'media'),
(623, 'amerika'),
(624, 'serikat'),
(625, 'partai'),
(626, 'nya'),
(627, 'usul'),
(628, 'senjata'),
(629, 'juta'),
(630, 'buruh'),
(631, 'tani'),
(632, 'murni'),
(633, 'versi'),
(634, 'antonie'),
(635, 'ca'),
(636, 'dake'),
(637, 'sukarno'),
(638, 'file'),
(639, 'kronologi'),
(640, 'runtuh'),
(641, 'sejati'),
(642, 'baris'),
(643, 'asmu'),
(644, 'november'),
(645, 'seru'),
(646, 'presiden'),
(647, 'kaum'),
(648, 'argumentasi'),
(649, 'invasi'),
(650, 'ambang'),
(651, 'perdana'),
(652, 'chou'),
(653, 'enlai'),
(654, 'eksekusi'),
(655, 'isu'),
(656, 'rum'),
(657, 'aly'),
(658, 'silang'),
(659, 'kuasa'),
(660, 'inisiatif'),
(661, 'takeover'),
(662, 'gagas'),
(663, 'kwartal'),
(664, 'cerita'),
(665, 'muhibah'),
(666, 'republik'),
(667, 'rakyat'),
(668, 'rrt'),
(669, 'pimpin'),
(670, 'mao'),
(671, 'zedong'),
(672, 'en'),
(673, 'lai'),
(674, 'hukum'),
(675, 'juang'),
(676, 'neo'),
(677, 'kolonialis'),
(678, 'imperialis'),
(679, 'operasi'),
(680, 'dwikora'),
(681, 'pasu'),
(682, 'tentara'),
(683, 'merah'),
(684, 'tarik'),
(685, 'ajar'),
(686, 'harga'),
(687, 'perang'),
(688, 'saudara'),
(689, 'jenderal'),
(690, 'chan'),
(691, 'kai'),
(692, 'chek'),
(693, 'cina'),
(694, 'nasionalis'),
(695, 'susup'),
(696, 'parasut'),
(697, 'wilayah'),
(698, 'asai'),
(699, 'komunis'),
(700, 'musnah'),
(701, 'serius'),
(702, 'komitmen'),
(703, 'pucuk'),
(704, 'tjung'),
(705, 'harap'),
(706, 'divisi'),
(707, 'kalang'),
(708, 'panglima'),
(709, 'kendati'),
(710, 'sikap'),
(711, 'sambut'),
(712, 'faktor'),
(713, 'reaksi'),
(714, 'menpangad'),
(715, 'ahmad'),
(716, 'yani'),
(717, 'menkasab'),
(718, 'ah'),
(719, 'nasution'),
(720, 'ketidaksetujuannya'),
(721, 'efesien'),
(722, 'tahan'),
(723, 'sipil'),
(724, 'dll'),
(725, 'baru'),
(726, 'suara'),
(727, 'sirat'),
(728, 'sisi'),
(729, 'malu'),
(730, 'percaya'),
(731, 'pidato'),
(732, 'agustus'),
(733, 'aku'),
(734, 'debat'),
(735, 'sengit'),
(736, 'kesan'),
(737, 'sepenuh'),
(738, 'terimakasih'),
(739, 'dukung'),
(740, 'sayakenyataannya'),
(741, 'tuntut'),
(742, 'usaha'),
(743, 'maksimum'),
(744, 'artikel'),
(745, 'uud'),
(746, 'warganegara'),
(747, 'hak'),
(748, 'atmadji'),
(749, 'sumarkidjo'),
(750, 'mendung'),
(751, 'noe'),
(752, 'australia'),
(753, 'beli'),
(754, 'pil'),
(755, 'obat'),
(756, 'merck'),
(757, 'rabu'),
(758, 'ariyanti'),
(759, 'warga'),
(760, 'sydney'),
(761, 'wabah'),
(762, 'reuters'),
(763, 'loren'),
(764, 'elliott'),
(765, 'scott'),
(766, 'morrison'),
(767, 'selasa'),
(768, 'anti'),
(769, 'virus'),
(770, 'umum'),
(771, 'victoria'),
(772, 'catat'),
(773, 'mana'),
(774, 'pandemi'),
(775, 'molnupiravir'),
(776, 'oral'),
(777, 'regulator'),
(778, 'parah'),
(779, 'rawat'),
(780, 'inap'),
(781, 'akibat'),
(782, 'pm'),
(783, 'nine'),
(784, 'al'),
(785, 'jazeera'),
(786, 'permanen'),
(787, 'pasien'),
(788, 'kali'),
(789, 'ruang'),
(790, 'greg'),
(791, 'hunt'),
(792, 'wartawan'),
(793, 'sedia'),
(794, 'korea'),
(795, 'thailand'),
(796, 'taiwan'),
(797, 'malaysia'),
(798, 'bahas'),
(799, 'filipina'),
(800, 'uji'),
(801, 'coba'),
(802, 'besar'),
(803, 'lockdown'),
(804, 'minggu'),
(805, 'kendali'),
(806, 'delta'),
(807, 'angka'),
(808, 'populasi'),
(809, 'laksana'),
(810, 'pan'),
(811, 'tahap'),
(812, 'damping'),
(813, 'pandasurya'),
(814, 'wijaya'),
(815, 'serbu'),
(816, 'pantai'),
(817, 'saeed'),
(818, 'khan'),
(819, 'corona'),
(820, 'ketimbang'),
(821, 'lenyap'),
(822, 'karantina'),
(823, 'daniel'),
(824, 'andrews'),
(825, 'tinggal'),
(826, 'lengkap'),
(827, 'hati'),
(828, 'alternatif'),
(829, 'laman'),
(830, 'terus'),
(831, 'lambat'),
(832, 'sosial'),
(833, 'ritel'),
(834, 'hotel'),
(835, 'izin'),
(836, 'rumah'),
(837, 'syarat'),
(838, 'apa'),
(839, 'wenang'),
(840, 'pacu'),
(841, 'kuda'),
(842, 'melbourne'),
(843, 'cup'),
(844, 'gelar'),
(845, 'rencana'),
(846, 'skema'),
(847, 'federal'),
(848, 'internasional'),
(849, 'new'),
(850, 'south'),
(851, 'wales'),
(852, 'nsw'),
(853, 'padat'),
(854, 'adopsi'),
(855, 'longgar'),
(856, 'hasil'),
(857, 'berantas'),
(858, 'mati'),
(859, 'baim'),
(860, 'maaf'),
(861, 'kakek'),
(862, 'suhud'),
(863, 'potret'),
(864, 'jumat'),
(865, 'dian'),
(866, 'rosadi'),
(867, 'realisasi'),
(868, 'minta'),
(869, 'pribadi'),
(870, 'terima'),
(871, 'kasih'),
(872, 'lantar'),
(873, 'tegur'),
(874, 'video'),
(875, 'omel'),
(876, 'emis'),
(877, 'aksi'),
(878, 'tuai'),
(879, 'kritik'),
(880, 'unggah'),
(881, 'senyum'),
(882, 'masyaallahterima'),
(883, 'baikterutama'),
(884, 'ibadah'),
(885, 'tau'),
(886, 'sambung'),
(887, 'dunia'),
(888, 'maya'),
(889, 'bosqueselalu'),
(890, 'ya'),
(891, 'allah'),
(892, 'yg'),
(893, 'alhamdulillah'),
(894, 'wujud'),
(895, 'kak'),
(896, 'baimwong'),
(897, 'haru'),
(898, 'bahagia'),
(899, 'dendam'),
(900, 'amarah'),
(901, 'baik'),
(902, 'hendak'),
(903, 'masalah'),
(904, 'akun'),
(905, 'gerakmenebarkebaikan'),
(906, 'sempat'),
(907, 'taruh'),
(908, 'perhati'),
(909, 'ibu'),
(910, 'ribu'),
(911, 'sahabat'),
(912, 'peduli'),
(913, 'end'),
(914, 'bak'),
(915, 'sambar'),
(916, 'petir'),
(917, 'teuku'),
(918, 'ryan'),
(919, 'ngaku'),
(920, 'lamar'),
(921, 'ria'),
(922, 'ricis'),
(923, 'pansos'),
(924, 'uya'),
(925, 'kuya'),
(926, 'youtube'),
(927, 'trans'),
(928, 'official'),
(929, 'publik'),
(930, 'kabar'),
(931, 'meni'),
(932, 'kejut'),
(933, 'undang'),
(934, 'sembunyi'),
(935, 'kecewa'),
(936, 'tetes'),
(937, 'tajuk'),
(938, 'syok'),
(939, 'channel'),
(940, 'jelang'),
(941, 'nikah'),
(942, 'putar'),
(943, 'lho'),
(944, 'lu'),
(945, 'ngerasain'),
(946, 'engga'),
(947, 'sebenernya'),
(948, 'cuman'),
(949, 'udahlah'),
(950, 'dipikirn'),
(951, 'banget'),
(952, 'hipnotis'),
(953, 'sih'),
(954, 'udah'),
(955, 'bentar'),
(956, 'dengar'),
(957, 'tutur'),
(958, 'astagfirullahaladzim'),
(959, 'nih'),
(960, 'maksud'),
(961, 'sesi'),
(962, 'lanjut'),
(963, 'dilanjutin'),
(964, 'deh'),
(965, 'sebentar'),
(966, 'cis'),
(967, 'abis'),
(968, 'ditayangin'),
(969, 'pura'),
(970, 'cinta'),
(971, 'suda'),
(972, 'ken'),
(973, 'aja'),
(974, 'batalin'),
(975, 'kayak'),
(976, 'kasi'),
(977, 'prank'),
(978, 'calon'),
(979, 'istri'),
(980, 'pandu'),
(981, 'panik'),
(982, 'oke'),
(983, 'timpal'),
(984, 'bingung'),
(985, 'tertawa'),
(986, 'pukul'),
(987, 'bantal'),
(988, 'jahat'),
(989, 'sumpah'),
(990, 'bohong'),
(991, 'doang'),
(992, 'ngerjain'),
(993, 'sanksi'),
(994, 'kibar'),
(995, 'piala'),
(996, 'thomas'),
(997, 'wada'),
(998, 'kompascom'),
(999, 'bagi'),
(1000, 'komentar'),
(1001, 'lihat'),
(1002, 'foto'),
(1003, 'tim'),
(1004, 'bulu'),
(1005, 'tangkis'),
(1006, 'putra'),
(1007, 'juara'),
(1008, 'ceres'),
(1009, 'arena'),
(1010, 'aarhus'),
(1011, 'denmark'),
(1012, 'dok'),
(1013, 'pbsi'),
(1014, 'ervan'),
(1015, 'yudhi'),
(1016, 'tri'),
(1017, 'atmoko'),
(1018, 'editor'),
(1019, 'kalah'),
(1020, 'china'),
(1021, 'hendra'),
(1022, 'setiawan'),
(1023, 'dkk'),
(1024, 'sang'),
(1025, 'selebrasi'),
(1026, 'dahaga'),
(1027, 'final'),
(1028, 'raih'),
(1029, 'menang'),
(1030, 'skor'),
(1031, 'main'),
(1032, 'ofisial'),
(1033, 'podium'),
(1034, 'lagu'),
(1035, 'kumandang'),
(1036, 'bendera'),
(1037, 'gagah'),
(1038, 'baca'),
(1039, 'kisah'),
(1040, 'nanti'),
(1041, 'inspirasi'),
(1042, 'insight'),
(1043, 'email'),
(1044, 'daftar'),
(1045, 'event'),
(1046, 'susul'),
(1047, 'nilai'),
(1048, 'program'),
(1049, 'test'),
(1050, 'doping'),
(1051, 'plan'),
(1052, 'tdp'),
(1053, 'utara'),
(1054, 'alhasil'),
(1055, 'logo'),
(1056, 'tuan'),
(1057, 'bambang'),
(1058, 'roedyanto'),
(1059, 'turnamen'),
(1060, 'bidding'),
(1061, 'ajang'),
(1062, 'multievent'),
(1063, 'asi'),
(1064, 'games'),
(1065, 'sea'),
(1066, 'junior'),
(1067, 'uber'),
(1068, 'sudirman'),
(1069, 'sore'),
(1070, 'suasana'),
(1071, 'tanding'),
(1072, 'anthony'),
(1073, 'sinisuka'),
(1074, 'ginting'),
(1075, 'guang'),
(1076, 'zu'),
(1077, 'claus'),
(1078, 'fisker'),
(1079, 'ritzau'),
(1080, 'scanpix'),
(1081, 'world'),
(1082, 'agency'),
(1083, 'bahasa'),
(1084, 'kantor'),
(1085, 'pusat'),
(1086, 'montreal'),
(1087, 'kanada'),
(1088, 'partisipasi'),
(1089, 'bebas'),
(1090, 'adil'),
(1091, 'harmonis'),
(1092, 'koordinasi'),
(1093, 'efektif'),
(1094, 'aspek'),
(1095, 'didik'),
(1096, 'deteksi'),
(1097, 'tega'),
(1098, 'steroid'),
(1099, 'anabolik'),
(1100, 'seringkali'),
(1101, 'kompetisi'),
(1102, 'olahragashutterstock'),
(1103, 'pcpartstudio'),
(1104, 'indikasi'),
(1105, 'langgar'),
(1106, 'investigasi'),
(1107, 'utama'),
(1108, 'jera'),
(1109, 'semangat'),
(1110, 'kapten'),
(1111, 'regional'),
(1112, 'kontinental'),
(1113, 'jadwal'),
(1114, 'terbit'),
(1115, 'selenggara'),
(1116, 'contoh'),
(1117, 'tour'),
(1118, 'finals'),
(1119, 'masters'),
(1120, 'open'),
(1121, 'bal'),
(1122, 'bwf'),
(1123, 'nama'),
(1124, 'olimpiade'),
(1125, 'rusia'),
(1126, 'roc'),
(1127, 'russia'),
(1128, 'olympic'),
(1129, 'comitte'),
(1130, 'tokyo'),
(1131, 'bocah'),
(1132, 'kawasan'),
(1133, 'kemah'),
(1134, 'cleo'),
(1135, 'smith'),
(1136, 'twitter'),
(1137, 'polisi'),
(1138, 'cari'),
(1139, 'perempuan'),
(1140, 'tenda'),
(1141, 'keluarga'),
(1142, 'blowholes'),
(1143, 'shacks'),
(1144, 'pencil'),
(1145, 'macleod'),
(1146, 'kilometer'),
(1147, 'belah'),
(1148, 'perth'),
(1149, 'pekan'),
(1150, 'personel'),
(1151, 'forensik'),
(1152, 'jajah'),
(1153, 'sulit'),
(1154, 'fokus'),
(1155, 'identifikasi'),
(1156, 'tunjuk'),
(1157, 'selidik'),
(1158, 'layan'),
(1159, 'sukarelawan'),
(1160, 'inspektur'),
(1161, 'jon'),
(1162, 'munday'),
(1163, 'asisten'),
(1164, 'distrik'),
(1165, 'mid'),
(1166, 'west'),
(1167, 'gascoyne'),
(1168, 'biar'),
(1169, 'jengkal'),
(1170, 'tanah'),
(1171, 'lidi'),
(1172, 'yakin'),
(1173, 'rilis'),
(1174, 'gambar'),
(1175, 'kantong'),
(1176, 'situs'),
(1177, 'lokal'),
(1178, 'pek'),
(1179, 'cemas'),
(1180, 'magang'),
(1181, 'ramel'),
(1182, 'maulynda'),
(1183, 'rachma'),
(1184, 'eks'),
(1185, 'petinggi'),
(1186, 'kpk'),
(1187, 'niat'),
(1188, 'terjun'),
(1189, 'wacana'),
(1190, 'parpol'),
(1191, 'bachtiarudin'),
(1192, 'alam'),
(1193, 'pegawai'),
(1194, 'lolos'),
(1195, 'twk'),
(1196, 'ancang'),
(1197, 'produk'),
(1198, 'komisi'),
(1199, 'korupsi'),
(1200, 'rasamala'),
(1201, 'aritonang'),
(1202, 'beber'),
(1203, 'gulir'),
(1204, 'akrab'),
(1205, 'sapa'),
(1206, 'mala'),
(1207, 'keresahaannya'),
(1208, 'atas'),
(1209, 'strategis'),
(1210, 'terjewantahkan'),
(1211, 'diskusi'),
(1212, 'spesiifik'),
(1213, 'banar'),
(1214, 'akomodasi'),
(1215, 'konteks'),
(1216, 'demokrasi'),
(1217, 'kualitas'),
(1218, 'nampak'),
(1219, 'luas'),
(1220, 'cerdas'),
(1221, 'integritas'),
(1222, 'konkrit'),
(1223, 'difikirkan'),
(1224, 'kredibel'),
(1225, 'akuntabel'),
(1226, 'diskursus'),
(1227, 'bilang'),
(1228, 'susah'),
(1229, 'iya'),
(1230, 'emang'),
(1231, 'mimpi'),
(1232, 'luar'),
(1233, 'gw'),
(1234, 'peluang'),
(1235, 'ngobrolin'),
(1236, 'lang'),
(1237, 'gegabah'),
(1238, 'sadar'),
(1239, 'sederhana'),
(1240, 'opsi'),
(1241, 'gabung'),
(1242, 'oartai'),
(1243, 'tata'),
(1244, 'sisten'),
(1245, 'kelola'),
(1246, 'tanggap'),
(1247, 'ibrat'),
(1248, 'gayung'),
(1249, 'direspon'),
(1250, 'silah'),
(1251, 'diskursi'),
(1252, 'buru'),
(1253, 'pragmatis'),
(1254, 'bicara'),
(1255, 'diskursusnya'),
(1256, 'ngebangun'),
(1257, 'tatakelola'),
(1258, 'ngomong'),
(1259, 'citra'),
(1260, 'demokratik'),
(1261, 'mantang'),
(1262, 'beluk'),
(1263, 'arah'),
(1264, 'bikin'),
(1265, 'ungkap'),
(1266, 'tokoh'),
(1267, 'bangsa'),
(1268, 'kemarin'),
(1269, 'gue'),
(1270, 'ngomongin'),
(1271, 'tum'),
(1272, 'visi'),
(1273, 'konsern'),
(1274, 'lingkung'),
(1275, 'ham'),
(1276, 'obrol'),
(1277, 'isi'),
(1278, 'lahir'),
(1279, 'klaim'),
(1280, 'novel'),
(1281, 'baswedan'),
(1282, 'timbul'),
(1283, 'personal'),
(1284, 'lakso'),
(1285, 'anindito'),
(1286, 'sidik'),
(1287, 'pecat'),
(1288, 'tuntas'),
(1289, 'hotman'),
(1290, 'tambun'),
(1291, 'novariza'),
(1292, 'fungsional'),
(1293, 'pjkaki'),
(1294, 'basweda'),
(1295, 'teman'),
(1296, 'tapu'),
(1297, 'support'),
(1298, 'atasnamakan'),
(1299, 'gitu'),
(1300, 'konsen'),
(1301, 'gin'),
(1302, 'konsep'),
(1303, 'depan'),
(1304, 'marjinal'),
(1305, 'sektor'),
(1306, 'lingkubgan'),
(1307, 'tetep'),
(1308, 'blunder'),
(1309, 'kontribusi'),
(1310, 'urung'),
(1311, 'pidana'),
(1312, 'liputancom'),
(1313, 'lembaga'),
(1314, 'antirasuah'),
(1315, 'status'),
(1316, 'aparatur'),
(1317, 'asn'),
(1318, 'independen'),
(1319, 'turut'),
(1320, 'kendara'),
(1321, 'kendaran'),
(1322, 'ded'),
(1323, 'culik'),
(1324, 'lebak'),
(1325, 'akad'),
(1326, 'kabur'),
(1327, 'dwi'),
(1328, 'prasetya'),
(1329, 'pengantin'),
(1330, 'duga'),
(1331, 'lari'),
(1332, 'kampung'),
(1333, 'babakan'),
(1334, 'nambo'),
(1335, 'seeng'),
(1336, 'lurah'),
(1337, 'cijoro'),
(1338, 'camat'),
(1339, 'rangkasbitung'),
(1340, 'kabupaten'),
(1341, 'ramai'),
(1342, 'kasat'),
(1343, 'reskrim'),
(1344, 'polres'),
(1345, 'akp'),
(1346, 'indik'),
(1347, 'rusmono'),
(1348, 'periksa'),
(1349, 'inisial'),
(1350, 'dpj'),
(1351, 'korban'),
(1352, 'upit'),
(1353, 'ecek'),
(1354, 'baju'),
(1355, 'terang'),
(1356, 'batal'),
(1357, 'hr'),
(1358, 'mamah'),
(1359, 'pas'),
(1360, 'pia'),
(1361, 'ayah'),
(1362, 'tiri'),
(1363, 'ujang'),
(1364, 'ingin'),
(1365, 'heri'),
(1366, 'membatah'),
(1367, 'berita'),
(1368, 'tolak'),
(1369, 'suami'),
(1370, 'pacar'),
(1371, 'dila'),
(1372, 'imbau'),
(1373, 'dalia'),
(1374, 'komunikasi'),
(1375, 'gil'),
(1376, 'hot'),
(1377, 'issue'),
(1378, 'jajal'),
(1379, 'nasib'),
(1380, 'raynaldo'),
(1381, 'ghiffari'),
(1382, 'lubabah'),
(1383, 'muhammad'),
(1384, 'genantan'),
(1385, 'saputra'),
(1386, 'herman'),
(1387, 'zakharia'),
(1388, 'kelabu'),
(1389, 'rasalama'),
(1390, 'cs'),
(1391, 'tendang'),
(1392, 'gagal'),
(1393, 'antikorupsi'),
(1394, 'tukang'),
(1395, 'nasi'),
(1396, 'goreng'),
(1397, 'organisasi'),
(1398, 'matang'),
(1399, 'kapolri'),
(1400, 'korps'),
(1401, 'bayangkara'),
(1402, 'timbang'),
(1403, 'banjir'),
(1404, 'ajak'),
(1405, 'pks'),
(1406, 'demokrat'),
(1407, 'respons'),
(1408, 'dpp'),
(1409, 'saleh'),
(1410, 'partaonan'),
(1411, 'daulay'),
(1412, 'rasamla'),
(1413, 'halang'),
(1414, 'jalur'),
(1415, 'ideologi'),
(1416, 'sila'),
(1417, 'khitah'),
(1418, 'monggo'),
(1419, 'misi'),
(1420, 'lirik'),
(1421, 'dewan'),
(1422, 'hormat'),
(1423, 'hinca'),
(1424, 'panjaitan'),
(1425, 'karpet'),
(1426, 'biru'),
(1427, 'jemput'),
(1428, 'alur'),
(1429, 'golong'),
(1430, 'siap'),
(1431, 'urus'),
(1432, 'provinsi'),
(1433, 'sangkut'),
(1434, 'ayat'),
(1435, 'wni'),
(1436, 'akta'),
(1437, 'notaris'),
(1438, 'rangkap'),
(1439, 'wakil'),
(1440, 'muat'),
(1441, 'anggar'),
(1442, 'ad'),
(1443, 'art'),
(1444, 'asas'),
(1445, 'ciri'),
(1446, 'lambang'),
(1447, 'ambil'),
(1448, 'mekanisme'),
(1449, 'rekrutmen'),
(1450, 'jabat'),
(1451, 'kaderisasi'),
(1452, 'henti'),
(1453, 'uang'),
(1454, 'poltik'),
(1455, 'sama'),
(1456, 'pokok'),
(1457, 'sah'),
(1458, 'rekening'),
(1459, 'verifikasi'),
(1460, 'benar'),
(1461, 'puluh'),
(1462, 'kesah'),
(1463, 'belas'),
(1464, 'tonjol'),
(1465, 'direktur'),
(1466, 'political'),
(1467, 'opinion'),
(1468, 'dedi'),
(1469, 'kurnia'),
(1470, 'pesimis'),
(1471, 'simpati'),
(1472, 'senang'),
(1473, 'efisien'),
(1474, 'cita'),
(1475, 'mikat'),
(1476, 'simpat'),
(1477, 'timpa'),
(1478, 'perkara'),
(1479, 'tumbuh'),
(1480, 'subur'),
(1481, 'ummat'),
(1482, 'gawang'),
(1483, 'amien'),
(1484, 'rais'),
(1485, 'tepat'),
(1486, 'ramadhan'),
(1487, 'kubu'),
(1488, 'kongres'),
(1489, 'reformasi'),
(1490, 'cabut'),
(1491, 'senior'),
(1492, 'posisi'),
(1493, 'majelis'),
(1494, 'syuro'),
(1495, 'ridho'),
(1496, 'rahmadi'),
(1497, 'ustaz'),
(1498, 'sambo'),
(1499, 'sekretaris'),
(1500, 'surat'),
(1501, 'asasi'),
(1502, 'kemenkumham'),
(1503, 'kancah'),
(1504, 'ruu'),
(1505, 'cikal'),
(1506, 'reinkarnasi'),
(1507, 'milu'),
(1508, 'suri'),
(1509, 'inisiasi'),
(1510, 'gera'),
(1511, 'konfederasi'),
(1512, 'kspi'),
(1513, 'said'),
(1514, 'parlemen'),
(1515, 'hapus'),
(1516, 'outsourcing'),
(1517, 'demonstrasi'),
(1518, 'kelompok'),
(1519, 'upah'),
(1520, 'cuti'),
(1521, 'haid'),
(1522, 'hamil'),
(1523, 'karyawan'),
(1524, 'eksploitatif'),
(1525, 'epidemiolog'),
(1526, 'ratus'),
(1527, 'santri'),
(1528, 'ponpes'),
(1529, 'luqmaniyyah'),
(1530, 'yogyakarta'),
(1531, 'eka'),
(1532, 'ar'),
(1533, 'universitas'),
(1534, 'jaran'),
(1535, 'antibodi'),
(1536, 'duluan'),
(1537, 'kena'),
(1538, 'epidemiologi'),
(1539, 'fakultas'),
(1540, 'fkm'),
(1541, 'ui'),
(1542, 'iwan'),
(1543, 'ariawan'),
(1544, 'worldometers'),
(1545, 'tempat'),
(1546, 'peringkat'),
(1547, 'asia'),
(1548, 'afghanistan'),
(1549, 'anjur'),
(1550, 'merek'),
(1551, 'mungkir'),
(1552, 'tular'),
(1553, 'lumayan'),
(1554, 'edar'),
(1555, 'evaluasi'),
(1556, 'efektivitas'),
(1557, 'resmi'),
(1558, 'bpom'),
(1559, 'who'),
(1560, 'sinovac'),
(1561, 'standar'),
(1562, 'layak'),
(1563, 'bijak'),
(1564, 'daulat'),
(1565, 'lobi'),
(1566, 'sertifikat'),
(1567, 'diplomasi'),
(1568, 'arab'),
(1569, 'saudi'),
(1570, 'antarnegara'),
(1571, 'ditjen'),
(1572, 'pp'),
(1573, 'kemenkes'),
(1574, 'siti'),
(1575, 'nadia'),
(1576, 'tarmizi'),
(1577, 'persentase'),
(1578, 'kemkesgoid'),
(1579, 'hebat'),
(1580, 'deret'),
(1581, 'hercules'),
(1582, 'kuliah'),
(1583, 'gus'),
(1584, 'miftah'),
(1585, 'kagum'),
(1586, 'azizah'),
(1587, 'takut'),
(1588, 'kanal'),
(1589, 'grib'),
(1590, 'satgasus'),
(1591, 'liku'),
(1592, 'rosario'),
(1593, 'marshal'),
(1594, 'habis'),
(1595, 'sosok'),
(1596, 'langgeng'),
(1597, 'nia'),
(1598, 'dania'),
(1599, 'paut'),
(1600, 'labuh'),
(1601, 'indah'),
(1602, 'karunia'),
(1603, 'simak'),
(1604, 'himpun'),
(1605, 'jenguk'),
(1606, 'rutan'),
(1607, 'narkoba'),
(1608, 'mapolda'),
(1609, 'metro'),
(1610, 'jaya'),
(1611, 'curi'),
(1612, 'tampil'),
(1613, 'putri'),
(1614, 'sulung'),
(1615, 'adik'),
(1616, 'laki'),
(1617, 'mahasiswa'),
(1618, 'canberra'),
(1619, 'amerikanya'),
(1620, 'california'),
(1621, 'kur'),
(1622, 'ketemu'),
(1623, 'pesona'),
(1624, 'smp'),
(1625, 'jumpa'),
(1626, 'tandang'),
(1627, 'paman'),
(1628, 'besok'),
(1629, 'abah'),
(1630, 'katolik'),
(1631, 'insyaa'),
(1632, 'maung'),
(1633, 'ngawal'),
(1634, 'kesima'),
(1635, 'pasang'),
(1636, 'jajak'),
(1637, 'bungsu'),
(1638, 'bangku'),
(1639, 'kelas'),
(1640, 'sma'),
(1641, 'jejak'),
(1642, 'kakakya'),
(1643, 'jurus'),
(1644, 'inggris'),
(1645, 'mau'),
(1646, 'sontak'),
(1647, 'edan'),
(1648, 'iki'),
(1649, 'ampuh'),
(1650, 'tukas'),
(1651, 'inovasi'),
(1652, 'linkmiles'),
(1653, 'diskon'),
(1654, 'juli'),
(1655, 'idris'),
(1656, 'rusadi'),
(1657, 'masapai'),
(1658, 'niaga'),
(1659, 'benny'),
(1660, 'rustanto'),
(1661, 'loyalitas'),
(1662, 'langgan'),
(1663, 'eksistensi'),
(1664, 'hadir'),
(1665, 'behavior'),
(1666, 'milenial'),
(1667, 'agile'),
(1668, 'adaptive'),
(1669, 'aplikasi'),
(1670, 'betterfly'),
(1671, 'frekuensi'),
(1672, 'untung'),
(1673, 'fasilitas'),
(1674, 'prioritas'),
(1675, 'check'),
(1676, 'in'),
(1677, 'boarding'),
(1678, 'gratis'),
(1679, 'bagasi'),
(1680, 'asyst'),
(1681, 'sinergi'),
(1682, 'garuda'),
(1683, 'group'),
(1684, 'kolaborasi'),
(1685, 'mitra'),
(1686, 'tukar'),
(1687, 'leisure'),
(1688, 'food'),
(1689, 'beverage'),
(1690, 'fashion'),
(1691, 'brand'),
(1692, 'manajemen'),
(1693, 'transportasi'),
(1694, 'lini'),
(1695, 'acu'),
(1696, 'tetap'),
(1697, 'jelajah'),
(1698, 'bareng'),
(1699, 'traveloka'),
(1700, 'tyas'),
(1701, 'titi'),
(1702, 'kinapti'),
(1703, 'pulih'),
(1704, 'wisata'),
(1705, 'agenda'),
(1706, 'pariwisata'),
(1707, 'promo'),
(1708, 'rindu'),
(1709, 'momen'),
(1710, 'libur'),
(1711, 'promotengahtahun'),
(1712, 'regular'),
(1713, 'selection'),
(1714, 'potong'),
(1715, 'cgk'),
(1716, 'medan'),
(1717, 'kno'),
(1718, 'yia'),
(1719, 'surabaya'),
(1720, 'sub'),
(1721, 'makassar'),
(1722, 'upg'),
(1723, 'destinasi'),
(1724, 'domestik'),
(1725, 'periode'),
(1726, 'kupon'),
(1727, 'diindonesiaaja'),
(1728, 'konsumen'),
(1729, 'gerak'),
(1730, 'roda'),
(1731, 'bisnis'),
(1732, 'chse'),
(1733, 'clean'),
(1734, 'health'),
(1735, 'environment'),
(1736, 'kerjasama'),
(1737, 'usung'),
(1738, 'geliat'),
(1739, 'iko'),
(1740, 'putera'),
(1741, 'director'),
(1742, 'transport'),
(1743, 'luncur'),
(1744, 'virtual'),
(1745, 'voucher'),
(1746, 'eats'),
(1747, 'citisport'),
(1748, 'xperience'),
(1749, 'membership'),
(1750, 'tahun'),
(1751, 'unlimited'),
(1752, 'golf'),
(1753, 'selam'),
(1754, 'citidiving'),
(1755, 'citisurfing'),
(1756, 'amelia'),
(1757, 'yaksa'),
(1758, 'vp'),
(1759, 'marketing'),
(1760, 'distribution'),
(1761, 'mengakomodir'),
(1762, 'minat'),
(1763, 'gaya'),
(1764, 'geser'),
(1765, 'tren'),
(1766, 'ekonomi'),
(1767, 'kreatif'),
(1768, 'sport'),
(1769, 'tourism'),
(1770, 'populer'),
(1771, 'nyaman'),
(1772, 'portofolio'),
(1773, 'partners'),
(1774, 'to'),
(1775, 'mesan'),
(1776, 'ragam'),
(1777, 'sewa'),
(1778, 'rental'),
(1779, 'mobil'),
(1780, 'local'),
(1781, 'services'),
(1782, 'asuransi'),
(1783, 'tys'),
(1784, 'lantik'),
(1785, 'buku'),
(1786, 'ayan'),
(1787, 'achamd'),
(1788, 'tumbal'),
(1789, 'revolusi'),
(1790, 'letnan'),
(1791, 'ganyang'),
(1792, 'kolonialisme'),
(1793, 'nekolim'),
(1794, 'asosiasi'),
(1795, 'tenggara'),
(1796, 'musuh'),
(1797, 'komando'),
(1798, 'tun'),
(1799, 'abdul'),
(1800, 'rahman'),
(1801, 'rozak'),
(1802, 'bahan'),
(1803, 'kecam'),
(1804, 'demonstran'),
(1805, 'histeria'),
(1806, 'januari'),
(1807, 'dn'),
(1808, 'aju'),
(1809, 'wawancara'),
(1810, 'koran'),
(1811, 'warta'),
(1812, 'bhakti'),
(1813, 'asing'),
(1814, 'sidang'),
(1815, 'front'),
(1816, 'organisir'),
(1817, 'sandang'),
(1818, 'agresi'),
(1819, 'rakjat'),
(1820, 'mei'),
(1821, 'galang'),
(1822, 'elemen'),
(1823, 'sekian'),
(1824, 'sarekat'),
(1825, 'islam'),
(1826, 'psi'),
(1827, 'tni'),
(1828, 'au'),
(1829, 'sekretariat'),
(1830, 'otobiografinya'),
(1831, 'siswoyo'),
(1832, 'pusar'),
(1833, 'arus'),
(1834, 'sejarah'),
(1835, 'kiri'),
(1836, 'memoar'),
(1837, 'susun'),
(1838, 'joko'),
(1839, 'waskito'),
(1840, 'aur'),
(1841, 'kenang'),
(1842, 'yayu'),
(1843, 'rulia'),
(1844, 'sutowiryo'),
(1845, 'geram'),
(1846, 'kampanye'),
(1847, 'pegang'),
(1848, 'bedil'),
(1849, 'pacul'),
(1850, 'abri'),
(1851, 'rebut'),
(1852, 'hansip'),
(1853, 'desa'),
(1854, 'okd'),
(1855, 'opr'),
(1856, 'organ'),
(1857, 'sobsi'),
(1858, 'curiga'),
(1859, 'ban'),
(1860, 'unsur'),
(1861, 'nasakom'),
(1862, 'andai'),
(1863, 'inspeksi'),
(1864, 'mayjen'),
(1865, 'achmadi'),
(1866, 'solo'),
(1867, 'kandas'),
(1868, 'afiliasi'),
(1869, 'bantai'),
(1870, 'lali'),
(1871, 'gadget'),
(1872, 'gawai'),
(1873, 'ivu'),
(1874, 'fajar'),
(1875, 'cublak'),
(1876, 'suweng'),
(1877, 'suwenge'),
(1878, 'ting'),
(1879, 'gelenter'),
(1880, 'mambu'),
(1881, 'tundung'),
(1882, 'gudhel'),
(1883, 'empong'),
(1884, 'lerak'),
(1885, 'lerek'),
(1886, 'sopo'),
(1887, 'ngguyu'),
(1888, 'ndelekakhe'),
(1889, 'sir'),
(1890, 'pong'),
(1891, 'dele'),
(1892, 'kopong'),
(1893, 'lantun'),
(1894, 'tembang'),
(1895, 'dolan'),
(1896, 'pendopo'),
(1897, 'asyik'),
(1898, 'tradisional'),
(1899, 'genggam'),
(1900, 'kerikil'),
(1901, 'tebak'),
(1902, 'sentuh'),
(1903, 'letak'),
(1904, 'dusun'),
(1905, 'bendet'),
(1906, 'pagerngumbuk'),
(1907, 'wonoayu'),
(1908, 'sidoarjo'),
(1909, 'achmad'),
(1910, 'irfandi'),
(1911, 'irfan'),
(1912, 'resah'),
(1913, 'sol'),
(1914, 'cetus'),
(1915, 'klg'),
(1916, 'agam'),
(1917, 'edukasi'),
(1918, 'asah'),
(1919, 'motorik'),
(1920, 'dhuar'),
(1921, 'meriam'),
(1922, 'bambu'),
(1923, 'sahut'),
(1924, 'gelegar'),
(1925, 'bising'),
(1926, 'telinga'),
(1927, 'antusias'),
(1928, 'gembira'),
(1929, 'sungging'),
(1930, 'wajah'),
(1931, 'gasing'),
(1932, 'dakon'),
(1933, 'egrang'),
(1934, 'sosialiasi'),
(1935, 'arif'),
(1936, 'luk'),
(1937, 'mengeksplor'),
(1938, 'budaya'),
(1939, 'lestari'),
(1940, 'kawan'),
(1941, 'mampir'),
(1942, 'unjung'),
(1943, 'berkat'),
(1944, 'konsistensi'),
(1945, 'jawa'),
(1946, 'timur'),
(1947, 'pemuda'),
(1948, 'pelopor'),
(1949, 'yuk'),
(1950, 'rscm'),
(1951, 'waspada'),
(1952, 'laboratoriun'),
(1953, 'gsi'),
(1954, 'cilandak'),
(1955, 'staf'),
(1956, 'medis'),
(1957, 'tropis'),
(1958, 'cipto'),
(1959, 'mangunkusumo'),
(1960, 'adityo'),
(1961, 'susilo'),
(1962, 'syukur'),
(1963, 'mayoritas'),
(1964, 'tenaga'),
(1965, 'kasus'),
(1966, 'webinar'),
(1967, 'mitigasi'),
(1968, 'idi'),
(1969, 'sekjen'),
(1970, 'pb'),
(1971, 'spesialis'),
(1972, 'papdi'),
(1973, 'swasta'),
(1974, 'praktik'),
(1975, 'komite'),
(1976, 'medik'),
(1977, 'medistra'),
(1978, 'singgung'),
(1979, 'patut'),
(1980, 'griffith'),
(1981, 'university'),
(1982, 'dicky'),
(1983, 'budiman'),
(1984, 'spesifik'),
(1985, 'puncak'),
(1986, 'picu'),
(1987, 'rendah'),
(1988, 'juru'),
(1989, 'wiku'),
(1990, 'bakti'),
(1991, 'bawono'),
(1992, 'adisasmito'),
(1993, 'strategi'),
(1994, 'lintas'),
(1995, 'inklusif'),
(1996, 'konferensi'),
(1997, 'bnpb'),
(1998, 'sembari'),
(1999, 'laju'),
(2000, 'lansia'),
(2001, 'aglomerasi'),
(2002, 'skrining'),
(2003, 'lap'),
(2004, 'dekan'),
(2005, 'rantai'),
(2006, 'yan'),
(2007, 'farahdilla'),
(2008, 'puspa'),
(2009, 'eris'),
(2010, 'tunggal'),
(2011, 'unggul'),
(2012, 'gim'),
(2013, 'detik'),
(2014, 'smash'),
(2015, 'jojo'),
(2016, 'tentu'),
(2017, 'alfian'),
(2018, 'rian'),
(2019, 'ardianto'),
(2020, 'ganda'),
(2021, 'he'),
(2022, 'ji'),
(2023, 'zhou'),
(2024, 'hao'),
(2025, 'straight'),
(2026, 'game'),
(2027, 'alias'),
(2028, 'jonatan'),
(2029, 'christie'),
(2030, 'tarung'),
(2031, 'li'),
(2032, 'shi'),
(2033, 'feng'),
(2034, 'medali'),
(2035, 'emas'),
(2036, 'trofi'),
(2037, 'jokowi'),
(2038, 'ucap'),
(2039, 'sempurna'),
(2040, 'jatuh'),
(2041, 'antidoping'),
(2042, 'single'),
(2043, 'noc'),
(2044, 'national'),
(2045, 'committee'),
(2046, 'perihal'),
(2047, 'menpora'),
(2048, 'zainudin'),
(2049, 'amal'),
(2050, 'basi'),
(2051, 'lega'),
(2052, 'sampel'),
(2053, 'klarifikasi'),
(2054, 'tenggat'),
(2055, 'ladi'),
(2056, 'comply'),
(2057, 'sangka'),
(2058, 'maret'),
(2059, 'bungkam'),
(2060, 'paham'),
(2061, 'pon'),
(2062, 'papua'),
(2063, 'agens'),
(2064, 'jepang'),
(2065, 'akreditasi'),
(2066, 'layang'),
(2067, 'janggan'),
(2068, 'naga'),
(2069, 'sakral'),
(2070, 'dewa'),
(2071, 'krisna'),
(2072, 'hias'),
(2073, 'langit'),
(2074, 'cerah'),
(2075, 'tari'),
(2076, 'angkasa'),
(2077, 'tradisi'),
(2078, 'khas'),
(2079, 'uni'),
(2080, 'ekor'),
(2081, 'juntai'),
(2082, 'karya'),
(2083, 'roh'),
(2084, 'rare'),
(2085, 'angon'),
(2086, 'areal'),
(2087, 'sawah'),
(2088, 'hama'),
(2089, 'burung'),
(2090, 'lebar'),
(2091, 'kain'),
(2092, 'meter'),
(2093, 'bunyi'),
(2094, 'pelan'),
(2095, 'hembus'),
(2096, 'angin'),
(2097, 'dar'),
(2098, 'ornamen'),
(2099, 'hampar'),
(2100, 'pulau'),
(2101, 'dewata'),
(2102, 'stabil'),
(2103, 'mitos'),
(2104, 'bumi'),
(2105, 'topang'),
(2106, 'kura'),
(2107, 'raksasa'),
(2108, 'benawang'),
(2109, 'nala'),
(2110, 'keliling'),
(2111, 'basuki'),
(2112, 'abadi'),
(2113, 'mohon'),
(2114, 'panen'),
(2115, 'limpah'),
(2116, 'hindu'),
(2117, 'serang'),
(2118, 'bebe'),
(2119, 'ikan'),
(2120, 'pecuk'),
(2121, 'simbol'),
(2122, 'hyang'),
(2123, 'widhi'),
(2124, 'wasa'),
(2125, 'ritual'),
(2126, 'suci'),
(2127, 'doa'),
(2128, 'panjat'),
(2129, 'tuhan'),
(2130, 'maha'),
(2131, 'berlaksi'),
(2132, 'festival'),
(2133, 'layangdi'),
(2134, 'padang'),
(2135, 'galak'),
(2136, 'sanur'),
(2137, 'musim'),
(2138, 'pesan'),
(2139, 'banyak'),
(2140, 'ukur'),
(2141, 'jumbo'),
(2142, 'iring'),
(2143, 'gamelan'),
(2144, 'baleganjur'),
(2145, 'banjar'),
(2146, 'denpasar'),
(2147, 'kreasi'),
(2148, 'd'),
(2149, 'benntuk'),
(2150, 'motor'),
(2151, 'maskot'),
(2152, 'dsb'),
(2153, 'rita'),
(2154, 'widyasari'),
(2155, 'datang'),
(2156, 'robin'),
(2157, 'lapas'),
(2158, 'malaikat'),
(2159, 'narwoko'),
(2160, 'bupati'),
(2161, 'kuta'),
(2162, 'kartanegara'),
(2163, 'kukar'),
(2164, 'stepanus'),
(2165, 'pattuju'),
(2166, 'mulia'),
(2167, 'beliau'),
(2168, 'tangerang'),
(2169, 'azis'),
(2170, 'syamsuddin'),
(2171, 'badgenya'),
(2172, 'erti'),
(2173, 'tipikor'),
(2174, 'saksi'),
(2175, 'dakwa'),
(2176, 'advokat'),
(2177, 'maskur'),
(2178, 'husain'),
(2179, 'rp'),
(2180, 'miliar'),
(2181, 'vonis'),
(2182, 'penjara'),
(2183, 'denda'),
(2184, 'subsider'),
(2185, 'kurung'),
(2186, 'gratifikasi'),
(2187, 'proyek'),
(2188, 'dinas'),
(2189, 'pemkab'),
(2190, 'tppu'),
(2191, 'sukamiskin'),
(2192, 'benak'),
(2193, 'hakim'),
(2194, 'djumyanto'),
(2195, 'nolong'),
(2196, 'tupoksi'),
(2197, 'pk'),
(2198, 'murah'),
(2199, 'lubuk'),
(2200, 'jerat'),
(2201, 'tolong'),
(2202, 'jaini'),
(2203, 'bashir'),
(2204, 'jujur'),
(2205, 'zaman'),
(2206, 'suap'),
(2207, 'robiin'),
(2208, 'nila'),
(2209, 'aset'),
(2210, 'sita'),
(2211, 'tinjau'),
(2212, 'manopeng'),
(2213, 'mistis'),
(2214, 'halus'),
(2215, 'opiq'),
(2216, 'roque'),
(2217, 'banyiur'),
(2218, 'banjarmasin'),
(2219, 'barat'),
(2220, 'topeng'),
(2221, 'lenggak'),
(2222, 'lenggok'),
(2223, 'panggung'),
(2224, 'karakter'),
(2225, 'magis'),
(2226, 'kuduk'),
(2227, 'merinding'),
(2228, 'limut'),
(2229, 'tonton'),
(2230, 'seni'),
(2231, 'kalimantan'),
(2232, 'bala'),
(2233, 'muharram'),
(2234, 'daya'),
(2235, 'leluhur'),
(2236, 'mahluk'),
(2237, 'gaib'),
(2238, 'rasuk'),
(2239, 'genderang'),
(2240, 'tabuh'),
(2241, 'asap'),
(2242, 'harum'),
(2243, 'kemenyan'),
(2244, 'dupa'),
(2245, 'cium'),
(2246, 'dalang'),
(2247, 'mantra'),
(2248, 'sakti'),
(2249, 'perlahan'),
(2250, 'lekat'),
(2251, 'lincah'),
(2252, 'irama'),
(2253, 'kilas'),
(2254, 'kaku'),
(2255, 'lihai'),
(2256, 'surup'),
(2257, 'puas'),
(2258, 'sangkala'),
(2259, 'energik'),
(2260, 'menghentak'),
(2261, 'hentakkan'),
(2262, 'kaki'),
(2263, 'jelek'),
(2264, 'raja'),
(2265, 'usir'),
(2266, 'pagelaran'),
(2267, 'makna'),
(2268, 'adat'),
(2269, 'tar'),
(2270, 'garis'),
(2271, 'pantul'),
(2272, 'mawajik'),
(2273, 'malabuh'),
(2274, 'wadai'),
(2275, 'mangiyau'),
(2276, 'aneka'),
(2277, 'dominasi'),
(2278, 'beras'),
(2279, 'ketan'),
(2280, 'kelapa'),
(2281, 'aren'),
(2282, 'telur'),
(2283, 'sembarang'),
(2284, 'saji'),
(2285, 'upacara'),
(2286, 'luap'),
(2287, 'juriat'),
(2288, 'samudra'),
(2289, 'ara'),
(2290, 'basirih'),
(2291, 'kumpul'),
(2292, 'bahaya'),
(2293, 'mbah'),
(2294, 'brambang'),
(2295, 'wayang'),
(2296, 'kertas'),
(2297, 'ibrahim'),
(2298, 'hasan'),
(2299, 'yoyok'),
(2300, 'sunaryo'),
(2301, 'rang'),
(2302, 'bohlam'),
(2303, 'warna'),
(2304, 'kuning'),
(2305, 'gores'),
(2306, 'kuas'),
(2307, 'merto'),
(2308, 'wiredjo'),
(2309, 'injak'),
(2310, 'senja'),
(2311, 'rajin'),
(2312, 'baku'),
(2313, 'jangkau'),
(2314, 'unik'),
(2315, 'jeli'),
(2316, 'sanggup'),
(2317, 'motif'),
(2318, 'pahat'),
(2319, 'cat'),
(2320, 'godegan'),
(2321, 'wirun'),
(2322, 'mojolaban'),
(2323, 'sukoharjo'),
(2324, 'gelut'),
(2325, 'profesi'),
(2326, 'tatah'),
(2327, 'tinta'),
(2328, 'mancanegara'),
(2329, 'pisau'),
(2330, 'kayu'),
(2331, 'lembut'),
(2332, 'uzur'),
(2333, 'patah'),
(2334, 'kecintaanya'),
(2335, 'hobi'),
(2336, 'kenyam'),
(2337, 'kendala'),
(2338, 'biaya'),
(2339, 'sketsa'),
(2340, 'jiplak'),
(2341, 'teh'),
(2342, 'model'),
(2343, 'an'),
(2344, 'rapi'),
(2345, 'pandawa'),
(2346, 'rawa'),
(2347, 'punokawan'),
(2348, 'wondertex'),
(2349, 'sifat'),
(2350, 'wondertx'),
(2351, 'premium'),
(2352, 'lebih'),
(2353, 'banding'),
(2354, 'asli'),
(2355, 'rupiah'),
(2356, 'ikon'),
(2357, 'saing'),
(2358, 'meja'),
(2359, 'sari'),
(2360, 'rela'),
(2361, 'lembur'),
(2362, 'tuntun'),
(2363, 'pola'),
(2364, 'tekstur'),
(2365, 'minyak'),
(2366, 'mahal'),
(2367, 'stik'),
(2368, 'mentas'),
(2369, 'pentas'),
(2370, 'gemar'),
(2371, 'seniman'),
(2372, 'wisatawan'),
(2373, 'singapura'),
(2374, 'belanda'),
(2375, 'banderol'),
(2376, 'legenda'),
(2377, 'ibr'),
(2378, 'seluk'),
(2379, 'aceh'),
(2380, 'paku'),
(2381, 'rumoh'),
(2382, 'laode'),
(2383, 'ukir'),
(2384, 'hijau'),
(2385, 'sendiri'),
(2386, 'kokoh'),
(2387, 'tiang'),
(2388, 'material'),
(2389, 'era'),
(2390, 'modern'),
(2391, 'struktrur'),
(2392, 'konstruksi'),
(2393, 'decak'),
(2394, 'menyasikkannya'),
(2395, 'museum'),
(2396, 'mahmudsyah'),
(2397, 'pohon'),
(2398, 'bulat'),
(2399, 'bawah'),
(2400, 'tunduk'),
(2401, 'sangga'),
(2402, 'genap'),
(2403, 'ganjil'),
(2404, 'perabot'),
(2405, 'ungsi'),
(2406, 'yup'),
(2407, 'moh'),
(2408, 'padi'),
(2409, 'kroeng'),
(2410, 'paska'),
(2411, 'balik'),
(2412, 'cm'),
(2413, 'pasuk'),
(2414, 'tamu'),
(2415, 'papan'),
(2416, 'serambi'),
(2417, 'kunjung'),
(2418, 'jamu'),
(2419, 'tikar'),
(2420, 'ngom'),
(2421, 'ilalang'),
(2422, 'pandan'),
(2423, 'bercengkrama'),
(2424, 'hun'),
(2425, 'atap'),
(2426, 'rumbia'),
(2427, 'daun'),
(2428, 'sauna'),
(2429, 'hujan'),
(2430, 'deras'),
(2431, 'kontruksi'),
(2432, 'sirkulasi'),
(2433, 'cahaya'),
(2434, 'celah'),
(2435, 'dinding'),
(2436, 'lantai'),
(2437, 'arsitektur'),
(2438, 'orientasi'),
(2439, 'cermin'),
(2440, 'imajiner'),
(2441, 'ka'),
(2442, 'bah'),
(2443, 'makkah'),
(2444, 'ikat'),
(2445, 'tali'),
(2446, 'ijuk'),
(2447, 'serabut'),
(2448, 'batang'),
(2449, 'nira'),
(2450, 'pasak'),
(2451, 'bajoe'),
(2452, 'rigid'),
(2453, 'kotak'),
(2454, 'dimensional'),
(2455, 'utuh'),
(2456, 'komponen'),
(2457, 'gempa'),
(2458, 'elastis'),
(2459, 'getar'),
(2460, 'goyang'),
(2461, 'keren'),
(2462, 'purbalingga'),
(2463, 'komersil'),
(2464, 'april'),
(2465, 'aditya'),
(2466, 'blimbingsari'),
(2467, 'banyuwangi'),
(2468, 'komersial'),
(2469, 'bandar'),
(2470, 'soedirman'),
(2471, 'pulang'),
(2472, 'juliandra'),
(2473, 'proving'),
(2474, 'flight'),
(2475, 'erat'),
(2476, 'stakeholders'),
(2477, 'purwokerto'),
(2478, 'banyumas'),
(2479, 'banjarnegara'),
(2480, 'atr'),
(2481, 'landas'),
(2482, 'halim'),
(2483, 'perdanakusuma'),
(2484, 'lahan'),
(2485, 'greenfield'),
(2486, 'operation'),
(2487, 'service'),
(2488, 'persero'),
(2489, 'muhamad'),
(2490, 'wasid'),
(2491, 'airside'),
(2492, 'rangka'),
(2493, 'selesai'),
(2494, 'runway'),
(2495, 'mens'),
(2496, 'x'),
(2497, 'apron'),
(2498, 'taxiway'),
(2499, 'bim'),
(2500, 'suku'),
(2501, 'rimba'),
(2502, 'primitif'),
(2503, 'sumatra'),
(2504, 'fatris'),
(2505, 'mf'),
(2506, 'ular'),
(2507, 'piton'),
(2508, 'yusuf'),
(2509, 'menu'),
(2510, 'santap'),
(2511, 'kecil'),
(2512, 'siang'),
(2513, 'terpal'),
(2514, 'teduh'),
(2515, 'terik'),
(2516, 'mentari'),
(2517, 'guyur'),
(2518, 'lebat'),
(2519, 'hutan'),
(2520, 'juluk'),
(2521, 'modernitas'),
(2522, 'hiruk'),
(2523, 'pikuk'),
(2524, 'nomaden'),
(2525, 'liar'),
(2526, 'senda'),
(2527, 'gurau'),
(2528, 'enas'),
(2529, 'terkadang'),
(2530, 'bisa'),
(2531, 'melangun'),
(2532, 'pangan'),
(2533, 'biasa'),
(2534, 'ramu'),
(2535, 'tombak'),
(2536, 'parang'),
(2537, 'lembing'),
(2538, 'kelelawar'),
(2539, 'perangkap'),
(2540, 'migrasi'),
(2541, 'sial'),
(2542, 'telapak'),
(2543, 'tebal'),
(2544, 'sawit'),
(2545, 'kikis'),
(2546, 'saban'),
(2547, 'kebun'),
(2548, 'tanam'),
(2549, 'karet'),
(2550, 'jenang'),
(2551, 'komoditi'),
(2552, 'ekologis'),
(2553, 'jambi'),
(2554, 'taman'),
(2555, 'bukit'),
(2556, 'anut'),
(2557, 'animisme'),
(2558, 'nenek'),
(2559, 'moyang'),
(2560, 'pedoman'),
(2561, 'kristen'),
(2562, 'lisan'),
(2563, 'maalau'),
(2564, 'sesat'),
(2565, 'duabelas'),
(2566, 'segayo'),
(2567, 'pagaruyung'),
(2568, 'nyata'),
(2569, 'minangkabau'),
(2570, 'matrilineal'),
(2571, 'tilik'),
(2572, 'tulu'),
(2573, 'turis'),
(2574, 'asri'),
(2575, 'pandang'),
(2576, 'manja'),
(2577, 'kokok'),
(2578, 'sentra'),
(2579, 'jari'),
(2580, 'ciamik'),
(2581, 'sudut'),
(2582, 'lantas'),
(2583, 'suar'),
(2584, 'detail'),
(2585, 'ruas'),
(2586, 'kuku'),
(2587, 'tengadah'),
(2588, 'melambang'),
(2589, 'telunjuk'),
(2590, 'trembesi'),
(2591, 'jati'),
(2592, 'furniture'),
(2593, 'kes'),
(2594, 'tangguh'),
(2595, 'furnitur'),
(2596, 'apik'),
(2597, 'elegan'),
(2598, 'pasar'),
(2599, 'ramah'),
(2600, 'jujugan'),
(2601, 'selang'),
(2602, 'ubudmembuat'),
(2603, 'ubud'),
(2604, 'bogor'),
(2605, 'resor'),
(2606, 'cianjur'),
(2607, 'cipanas'),
(2608, 'macet'),
(2609, 'kapolres'),
(2610, 'akbp'),
(2611, 'doni'),
(2612, 'hermawan'),
(2613, 'volume'),
(2614, 'sendat'),
(2615, 'rekayasa'),
(2616, 'pacet'),
(2617, 'pasekon'),
(2618, 'hanjawar'),
(2619, 'suherman'),
(2620, 'nol'),
(2621, 'sepi'),
(2622, 'sandiaga'),
(2623, 'i'),
(2624, 'gusti'),
(2625, 'ngurah'),
(2626, 'rai'),
(2627, 'kadafi'),
(2628, 'menparekraf'),
(2629, 'uno'),
(2630, 'observasi'),
(2631, 'situasi'),
(2632, 'pasca'),
(2633, 'regulasi'),
(2634, 'wisman'),
(2635, 'weekly'),
(2636, 'press'),
(2637, 'briefing'),
(2638, 'kemenparekraf'),
(2639, 'promosi'),
(2640, 'biro'),
(2641, 'bpw'),
(2642, 'own'),
(2643, 'positivity'),
(2644, 'rate'),
(2645, 'organization'),
(2646, 'kendal'),
(2647, 'coid'),
(2648, 'papar'),
(2649, 'cakup'),
(2650, 'maksimal'),
(2651, 'premi'),
(2652, 'bayar'),
(2653, 'awat'),
(2654, 'icu'),
(2655, 'intensive'),
(2656, 'care'),
(2657, 'unit'),
(2658, 'ambul'),
(2659, 'yunita'),
(2660, 'amalia'),
(2661, 'ronald'),
(2662, 'wilfridus'),
(2663, 'setu'),
(2664, 'embu'),
(2665, 'lia'),
(2666, 'harahap'),
(2667, 'pol'),
(2668, 'listyo'),
(2669, 'sigit'),
(2670, 'prabowo'),
(2671, 'kanan'),
(2672, 'firli'),
(2673, 'bahuri'),
(2674, 'gedung'),
(2675, 'kp'),
(2676, 'tenang'),
(2677, 'seragam'),
(2678, 'topi'),
(2679, 'pilkep'),
(2680, 'field'),
(2681, 'cap'),
(2682, 'tribarata'),
(2683, 'bintang'),
(2684, 'jajar'),
(2685, 'marsekal'),
(2686, 'had'),
(2687, 'tjahjanto'),
(2688, 'latar'),
(2689, 'kelir'),
(2690, 'xx'),
(2691, 'diskus'),
(2692, 'konfrensi'),
(2693, 'daring'),
(2694, 'basa'),
(2695, 'rekrut'),
(2696, 'wawas'),
(2697, 'institusi'),
(2698, 'polri'),
(2699, 'widodo'),
(2700, 'tanggulang'),
(2701, 'negera'),
(2702, 'mensesneg'),
(2703, 'pratikno'),
(2704, 'rekam'),
(2705, 'poin'),
(2706, 'kaget'),
(2707, 'depak'),
(2708, 'mumpuni'),
(2709, 'im'),
(2710, 'institute'),
(2711, 'wadah'),
(2712, 'konsolidasi'),
(2713, 'yudi'),
(2714, 'purnomo'),
(2715, 'kredibilitas'),
(2716, 'ragu'),
(2717, 'redam'),
(2718, 'kisruh'),
(2719, 'kompolnas'),
(2720, 'poengky'),
(2721, 'indarti'),
(2722, 'tatap'),
(2723, 'sembilan'),
(2724, 'trunojoyo'),
(2725, 'koordinator'),
(2726, 'koorsahli'),
(2727, 'humas'),
(2728, 'sdm'),
(2729, 'mabes'),
(2730, 'menindaklanjuti'),
(2731, 'komnas'),
(2732, 'bahwasannya'),
(2733, 'padam'),
(2734, 'cermat'),
(2735, 'seksama'),
(2736, 'win'),
(2737, 'solution'),
(2738, 'sudah'),
(2739, 'polemik'),
(2740, 'digarisbawahi'),
(2741, 'keliru'),
(2742, 'telepon'),
(2743, 'presidium'),
(2744, 'police'),
(2745, 'watch'),
(2746, 'sugeng'),
(2747, 'santoso'),
(2748, 'buntu'),
(2749, 'instruksi'),
(2750, 'tempuh'),
(2751, 'karopenmas'),
(2752, 'brigjen'),
(2753, 'rusdi'),
(2754, 'hartono'),
(2755, 'abdi'),
(2756, 'itikad'),
(2757, 'pedang'),
(2758, 'simpang'),
(2759, 'polantas'),
(2760, 'brimob'),
(2761, 'kasatgas'),
(2762, 'peta'),
(2763, 'moga'),
(2764, 'berani'),
(2765, 'spekulasi'),
(2766, 'serba'),
(2767, 'serah'),
(2768, 'tongkat'),
(2769, 'diplomatis'),
(2770, 'esok'),
(2771, 'rekan'),
(2772, 'koruptornamun'),
(2773, 'kemenpan'),
(2774, 'rb'),
(2775, 'bkn'),
(2776, 'tekun'),
(2777, 'widada'),
(2778, 'birokrasi'),
(2779, 'dilema'),
(2780, 'ambarita'),
(2781, 'damanik'),
(2782, 'budi'),
(2783, 'agung'),
(2784, 'afif'),
(2785, 'andre'),
(2786, 'nainggolan'),
(2787, 'rizka'),
(2788, 'anungnata'),
(2789, 'bekas'),
(2790, 'perwira'),
(2791, 'notabene'),
(2792, 'kans'),
(2793, 'menyakini'),
(2794, 'badai'),
(2795, 'mundur'),
(2796, 'internal'),
(2797, 'ganjal'),
(2798, 'inti'),
(2799, 'enggan'),
(2800, 'ketidakenakan'),
(2801, 'singkir'),
(2802, 'indonesian'),
(2803, 'corruption'),
(2804, 'icw'),
(2805, 'selubung'),
(2806, 'berangus'),
(2807, 'tampung'),
(2808, 'agus'),
(2809, 'sunaryanto'),
(2810, 'direktorat'),
(2811, 'sumbang'),
(2812, 'profesional'),
(2813, 'pinang'),
(2814, 'koruptor'),
(2815, 'antek'),
(2816, 'khawatir'),
(2817, 'mewah'),
(2818, 'bengkalai'),
(2819, 'bunuh'),
(2820, 'barang'),
(2821, 'aziz'),
(2822, 'nurahman'),
(2823, 'kelam'),
(2824, 'diam'),
(2825, 'halaman'),
(2826, 'bisu'),
(2827, 'tembak'),
(2828, 'timah'),
(2829, 'tembus'),
(2830, 'kentara'),
(2831, 'semenjak'),
(2832, 'peristiwa'),
(2833, 'sengaja'),
(2834, 'sekira'),
(2835, 'silam'),
(2836, 'peluru'),
(2837, 'ampo'),
(2838, 'info'),
(2839, 'tragedi'),
(2840, 'nyawa'),
(2841, 'imbuh'),
(2842, 'wastafel'),
(2843, 'toilet'),
(2844, 'man'),
(2845, 'bebarengan'),
(2846, 'ngobrol'),
(2847, 'guci'),
(2848, 'antik'),
(2849, 'rasa'),
(2850, 'televisi'),
(2851, 'dapur'),
(2852, 'megah'),
(2853, 'kulkas'),
(2854, 'kompor'),
(2855, 'panggang'),
(2856, 'lelap'),
(2857, 'rampok'),
(2858, 'nahas'),
(2859, 'regang'),
(2860, 'seram'),
(2861, 'dikosongin'),
(2862, 'pungkas'),
(2863, 'fellyanda'),
(2864, 'agiesta'),
(2865, 'rasyid'),
(2866, 'ali'),
(2867, 'tol'),
(2868, 'jagorawi'),
(2869, 's'),
(2870, 'gerombol'),
(2871, 'sepeda'),
(2872, 'ringin'),
(2873, 'tunggang'),
(2874, 'helm'),
(2875, 'jaket'),
(2876, 'rompi'),
(2877, 'sarung'),
(2878, 'susu'),
(2879, 'komunitas'),
(2880, 'depok'),
(2881, 'santa'),
(2882, 'sejuk'),
(2883, 'jebak'),
(2884, 'nikmat'),
(2885, 'gak'),
(2886, 'bosan'),
(2887, 'kadang'),
(2888, 'eko'),
(2889, 'klub'),
(2890, 'silaturahmi'),
(2891, 'jual'),
(2892, 'sparepart'),
(2893, 'sunmori'),
(2894, 'have'),
(2895, 'fun'),
(2896, 'kelakar'),
(2897, 'gunung'),
(2898, 'jabodetabek'),
(2899, 'hawa'),
(2900, 'hanin'),
(2901, 'nongkrong'),
(2902, 'warung'),
(2903, 'istilah'),
(2904, 'warpat'),
(2905, 'lokasi'),
(2906, 'dapet'),
(2907, 'vibesnya'),
(2908, 'kafe'),
(2909, 'mal'),
(2910, 'mending'),
(2911, 'tagih'),
(2912, 'ikhsan'),
(2913, 'maulana'),
(2914, 'bulan'),
(2915, 'kerap'),
(2916, 'konvoi'),
(2917, 'ngadem'),
(2918, 'ngopi'),
(2919, 'jagung'),
(2920, 'bakar'),
(2921, 'lancong'),
(2922, 'nirwono'),
(2923, 'yoga'),
(2924, 'polusi'),
(2925, 'cemar'),
(2926, 'minim'),
(2927, 'sibuk'),
(2928, 'rutinitas'),
(2929, 'kicau'),
(2930, 'forum'),
(2931, 'fakta'),
(2932, 'azas'),
(2933, 'tigor'),
(2934, 'ancol'),
(2935, 'diekploitasi'),
(2936, 'bagus'),
(2937, 'pemprov'),
(2938, 'dki'),
(2939, 'konsumtif'),
(2940, 'pihak'),
(2941, 'duit'),
(2942, 'gadog'),
(2943, 'pass'),
(2944, 'urai'),
(2945, 'kanalisasi'),
(2946, 'lajur'),
(2947, 'sempit'),
(2948, 'diujicobakan'),
(2949, 'payung'),
(2950, 'harun'),
(2951, 'signifikan'),
(2952, 'reduksi'),
(2953, 'gerbang'),
(2954, 'ciawi'),
(2955, 'lurus'),
(2956, 'kepolian'),
(2957, 'ade'),
(2958, 'yasin'),
(2959, 'dagang'),
(2960, 'pkl'),
(2961, 'dalih'),
(2962, 'rest'),
(2963, 'area'),
(2964, 'agro'),
(2965, 'mas'),
(2966, 'pinggir'),
(2967, 'tumpu'),
(2968, 'poros'),
(2969, 'eksisting'),
(2970, 'bandung'),
(2971, 'cianju'),
(2972, 'masuknyanya'),
(2973, 'sentul'),
(2974, 'triliun'),
(2975, 'apbd'),
(2976, 'fik'),
(2977, 'belulang'),
(2978, 'tengkorak'),
(2979, 'sera'),
(2980, 'ladang'),
(2981, 'tandus'),
(2982, 'lukis'),
(2983, 'abad'),
(2984, 'the'),
(2985, 'triumph'),
(2986, 'death'),
(2987, 'peluk'),
(2988, 'pieter'),
(2989, 'bruegel'),
(2990, 'elder'),
(2991, 'pes'),
(2992, 'landa'),
(2993, 'eropa'),
(2994, 'sejarawan'),
(2995, 'keri'),
(2996, 'ngiang'),
(2997, 'epidemi'),
(2998, 'episode'),
(2999, 'allan'),
(3000, 'brandt'),
(3001, 'ilmu'),
(3002, 'harvard'),
(3003, 'york'),
(3004, 'ahad'),
(3005, 'krisis'),
(3006, 'substansial'),
(3007, 'tengok'),
(3008, 'mengatakanitu'),
(3009, 'dasawarsa'),
(3010, 'dominan'),
(3011, 'sunti'),
(3012, 'emosional'),
(3013, 'dr'),
(3014, 'jeremy'),
(3015, 'greene'),
(3016, 'johns'),
(3017, 'hopkins'),
(3018, 'cenderung'),
(3019, 'terjemah'),
(3020, 'sebagaipandemi'),
(3021, 'khayal'),
(3022, 'frank'),
(3023, 'snowden'),
(3024, 'yale'),
(3025, 'betapa'),
(3026, 'gulat'),
(3027, 'psikologis'),
(3028, 'isolasi'),
(3029, 'sedih'),
(3030, 'pudar'),
(3031, 'flu'),
(3032, 'surut'),
(3033, 'hiv'),
(3034, 'trauma'),
(3035, 'abai'),
(3036, 'lingkar'),
(3037, 'keputusasaan'),
(3038, 'marah'),
(3039, 'rusak'),
(3040, 'maju'),
(3041, 'takluk'),
(3042, 'kian'),
(3043, 'abur'),
(3044, 'hambat'),
(3045, 'edward'),
(3046, 'jenner'),
(3047, 'cacar'),
(3048, 'poster'),
(3049, 'tanduk'),
(3050, 'tajam'),
(3051, 'jinak'),
(3052, 'skeptis'),
(3053, 'hoaks'),
(3054, 'seliwer'),
(3055, 'teori'),
(3056, 'konspirasi'),
(3057, 'hokas'),
(3058, 'meleset'),
(3059, 'benda'),
(3060, 'percik'),
(3061, 'mutasi'),
(3062, 'jonathan'),
(3063, 'moreno'),
(3064, 'sejawaran'),
(3065, 'pennsylvania'),
(3066, 'analogi'),
(3067, 'kanker'),
(3068, 'maklum'),
(3069, 'bayang'),
(3070, 'sulaeman'),
(3071, 'anggun'),
(3072, 'p'),
(3073, 'situmorang'),
(3074, 'baharu'),
(3075, 'tuang'),
(3076, 'pantau'),
(3077, 'wna'),
(3078, 'republika'),
(3079, 'taat'),
(3080, 'impor'),
(3081, 'imported'),
(3082, 'cases'),
(3083, 'kartu'),
(3084, 'rt'),
(3085, 'hac'),
(3086, 'pedulilindungi'),
(3087, 'manual'),
(3088, 'negative'),
(3089, 'diplomatik'),
(3090, 'kitas'),
(3091, 'kitap'),
(3092, 'gotong'),
(3093, 'royong'),
(3094, 'kecuali'),
(3095, 'travel'),
(3096, 'corridor'),
(3097, 'arrengement'),
(3098, 'komorbid'),
(3099, 'entry'),
(3100, 'point'),
(3101, 'hang'),
(3102, 'nadim'),
(3103, 'haji'),
(3104, 'fisabilillah'),
(3105, 'tanjung'),
(3106, 'lampir'),
(3107, 'visa'),
(3108, 'usd'),
(3109, 'f'),
(3110, 'direct'),
(3111, 'bang'),
(3112, 'did'),
(3113, 'endemi'),
(3114, 'trainset'),
(3115, 'lrt'),
(3116, 'jabodebek'),
(3117, 'pasti'),
(3118, 'kesiap'),
(3119, 'kru'),
(3120, 'balap'),
(3121, 'superbike'),
(3122, 'mandalika'),
(3123, 'kapal'),
(3124, 'seberang'),
(3125, 'menhub'),
(3126, 'disrupsi'),
(3127, 'teknologi'),
(3128, 'sumur'),
(3129, 'aspal'),
(3130, 'pasuruan'),
(3131, 'lantung'),
(3132, 'carat'),
(3133, 'gempol'),
(3134, 'dulunya'),
(3135, 'tambang'),
(3136, 'heran'),
(3137, 'jernih'),
(3138, 'tebu'),
(3139, 'diameter'),
(3140, 'benah'),
(3141, 'joglo'),
(3142, 'dana'),
(3143, 'pagar'),
(3144, 'kadangkala'),
(3145, 'bari'),
(3146, 'penasaran'),
(3147, 'sengat'),
(3148, 'bibir'),
(3149, 'pekat'),
(3150, 'mukim'),
(3151, 'mojokerto'),
(3152, 'gresik'),
(3153, 'bor'),
(3154, 'meta'),
(3155, 'eksplorasi'),
(3156, 'raos'),
(3157, 'pecinan'),
(3158, 'majapahit'),
(3159, 'wapres'),
(3160, 'sukses'),
(3161, 'maruf'),
(3162, 'amin'),
(3163, 'gen'),
(3164, 'kasah'),
(3165, 'stadion'),
(3166, 'lukas'),
(3167, 'enembe'),
(3168, 'jayapura'),
(3169, 'helat'),
(3170, 'cendrawasih'),
(3171, 'bangga'),
(3172, 'tekad'),
(3173, 'dedikasi'),
(3174, 'bahu'),
(3175, 'infrastruktur'),
(3176, 'masif'),
(3177, 'venue'),
(3178, 'mimika'),
(3179, 'merauke'),
(3180, 'ekstra'),
(3181, 'semboyan'),
(3182, 'torang'),
(3183, 'sejajar'),
(3184, 'denhan'),
(3185, 'kontingen'),
(3186, 'prestasi'),
(3187, 'xix'),
(3188, 'perak'),
(3189, 'perunggu'),
(3190, 'tempel'),
(3191, 'lizsa'),
(3192, 'egeham');

--
-- Indexes for dumped tables
--

--
-- Indexes for table `dokumen`
--
ALTER TABLE `dokumen`
  ADD PRIMARY KEY (`id`);

--
-- Indexes for table `indexing`
--
ALTER TABLE `indexing`
  ADD PRIMARY KEY (`id`),
  ADD KEY `kata_id` (`kata_id`),
  ADD KEY `dokumen_id` (`dokumen_id`);

--
-- Indexes for table `kata`
--
ALTER TABLE `kata`
  ADD PRIMARY KEY (`id`);

--
-- AUTO_INCREMENT for dumped tables
--

--
-- AUTO_INCREMENT for table `dokumen`
--
ALTER TABLE `dokumen`
  MODIFY `id` int(11) NOT NULL AUTO_INCREMENT, AUTO_INCREMENT=41;

--
-- AUTO_INCREMENT for table `indexing`
--
ALTER TABLE `indexing`
  MODIFY `id` int(11) NOT NULL AUTO_INCREMENT, AUTO_INCREMENT=6723;

--
-- AUTO_INCREMENT for table `kata`
--
ALTER TABLE `kata`
  MODIFY `id` int(11) NOT NULL AUTO_INCREMENT, AUTO_INCREMENT=3193;

--
-- Constraints for dumped tables
--

--
-- Constraints for table `indexing`
--
ALTER TABLE `indexing`
  ADD CONSTRAINT `indexing_ibfk_1` FOREIGN KEY (`kata_id`) REFERENCES `kata` (`id`),
  ADD CONSTRAINT `indexing_ibfk_2` FOREIGN KEY (`dokumen_id`) REFERENCES `dokumen` (`id`);
COMMIT;

/*!40101 SET CHARACTER_SET_CLIENT=@OLD_CHARACTER_SET_CLIENT */;
/*!40101 SET CHARACTER_SET_RESULTS=@OLD_CHARACTER_SET_RESULTS */;
/*!40101 SET COLLATION_CONNECTION=@OLD_COLLATION_CONNECTION */;
